{
	"results": [{
		"Belnr": "500004563",
		"Ebelp": "10",
		"Txz01": "Empaque carton",
		"Bpmng": 100,
		"Bprme": "PZ",
		"Budat": "2021-01-17 00:00:00",
		"Dmbtr": 3226,
		"Waers": "USD",
		"Xblnr": "FAC1",
		"Frbnr": "asdf",
		"Gjahr": "2021",
		"Ebeln": "400002323"
	},
	{
		"Belnr": "500002354",
		"Ebelp": "20",
		"Txz01": "Bolsa plastica",
		"Bpmng": 60,
		"Bprme": "PZ",
		"Budat": "2021-01-17 00:00:00",
		"Dmbtr": 2360.5,
		"Waers": "EUR",
		"Xblnr": "A000001",
		"Frbnr": "asdf",
		"Gjahr": "2021",
		"Ebeln": "400002323"
	},
	{
		"Belnr": "500002354",
		"Ebelp": "10",
		"Txz01": "Bolsa plastica",
		"Bpmng": 50,
		"Bprme": "PZ",
		"Budat": "2021-01-17 00:00:00",
		"Dmbtr": 2160.5,
		"Waers": "EUR",
		"Xblnr": "A000001",
		"Frbnr": "asdf",
		"Gjahr": "2021",
		"Ebeln": "400002323"

	},
	{
		"Belnr": "500002323",
		"Ebelp": "10",
		"Txz01": "Almidon Yuca Dulce",
		"Bpmng": 50,
		"Bprme": "PZ",
		"Budat": "2021-01-17 00:00:00",
		"Dmbtr": 1526,
		"Waers": "MXN",
		"Xblnr": "FAC003",
		"Frbnr": "asdf",
		"Gjahr": "2021",
		"Ebeln": "400002323"

	}]
}