{
	"results": [{
		"Belnr": "500002323",
		"Gjahr": "2021",
		"Budat": "2021-01-10 00:00:00",
		"Ebeln": "400002323",
		"Ebelp": "10",
		"Xblnr": "FAC003",
		"Frbnr": "asd",
		"Waers": "MXN",
		"Dmbtr": 100.2,
		"Wrbtr": 1526.00,
		"Mwskz": "asd",
		"Text1": "asd",
		"Bwart": "asdf",
		"Bukrs": "2530",
		"Lifnr": "253T",
		"Butxt": "Técnica Mex. Alimentación"
	},
	{
		"Belnr": "500004563",
		"Gjahr": "2021",
		"Budat": "2021-01-12 00:00:00",
		"Ebeln": "400002323",
		"Ebelp": "10",
		"Xblnr": "FAC1",
		"Frbnr": "asd",
		"Waers": "USD",
		"Dmbtr": 100.2,
		"Wrbtr": 3226.00,
		"Mwskz": "asd",
		"Text1": "asd",
		"Bwart": "asdf",
		"Bukrs": "2530",
		"Lifnr": "253T",
		"Butxt": "Técnica Mex. Alimentación"
	},
	{
		"Belnr": "500002354",
		"Gjahr": "2021",
		"Budat": "2021-01-17 00:00:00",
		"Ebeln": "400002323",
		"Ebelp": "10",
		"Xblnr": "A000001",
		"Frbnr": "asd",
		"Waers": "EUR",
		"Dmbtr": 100.2,
		"Wrbtr": 4521.00,
		"Mwskz": "asd",
		"Text1": "asd",
		"Bwart": "asdf",
		"Bukrs": "2530",
		"Lifnr": "253T",
		"Butxt": "Técnica Mex. Alimentación"
	}]
}