{
  "feed": {
    "-xmlns:d": "http://schemas.microsoft.com/ado/2007/08/dataservices",
    "-xmlns:m": "http://schemas.microsoft.com/ado/2007/08/dataservices/metadata",
    "-xmlns": "http://www.w3.org/2005/Atom",
    "-xml:base": "http://SICOSRV14.sineti.loc:8000/sap/opu/odata/sap/ZSPORTAL_CREATENOTICE_SRV/",
    "id": "http://SICOSRV14.sineti.loc:8000/sap/opu/odata/sap/ZSPORTAL_CREATENOTICE_SRV/vendorHeaderSet",
    "title": {
      "-type": "text",
      "#text": "vendorHeaderSet"
    },
    "updated": "2018-04-06T21:23:34Z",
    "author": {
      
    },
    "link": {
      "-title": "vendorHeaderSet",
      "-rel": "self",
      "-href": "vendorHeaderSet"
    },
    "entry": [
      {
        "id": "http://SICOSRV14.sineti.loc:8000/sap/opu/odata/sap/ZSPORTAL_CREATENOTICE_SRV/vendorHeaderSet('1')",
        "title": {
          "-type": "text",
          "#text": "vendorHeaderSet('1')"
        },
        "updated": "2018-04-06T21:23:34Z",
        "category": {
          "-scheme": "http://schemas.microsoft.com/ado/2007/08/dataservices/scheme",
          "-term": "ZSPORTAL_CREATENOTICE_SRV.vendorHeader"
        },
        "link": {
          "-title": "vendorHeader",
          "-rel": "self",
          "-href": "vendorHeaderSet('1')"
        },
        "content": {
          "-type": "application/xml",
          "m:properties": {
            "-xmlns:d": "http://schemas.microsoft.com/ado/2007/08/dataservices",
            "-xmlns:m": "http://schemas.microsoft.com/ado/2007/08/dataservices/metadata",
            "d:Lifnr": "1",
            "d:Land1": "MX",
            "d:Name1": "MAQUINARIA DE OCCIDENTE",
            "d:Stcd1": "PET040903DH5",
            "d:Landk": "MEX"
          }
        }
      },
      {
        "id": "http://SICOSRV14.sineti.loc:8000/sap/opu/odata/sap/ZSPORTAL_CREATENOTICE_SRV/vendorHeaderSet('6')",
        "title": {
          "-type": "text",
          "#text": "vendorHeaderSet('6')"
        },
        "updated": "2018-04-06T21:23:34Z",
        "category": {
          "-scheme": "http://schemas.microsoft.com/ado/2007/08/dataservices/scheme",
          "-term": "ZSPORTAL_CREATENOTICE_SRV.vendorHeader"
        },
        "link": {
          "-title": "vendorHeader",
          "-rel": "self",
          "-href": "vendorHeaderSet('6')"
        },
        "content": {
          "-type": "application/xml",
          "m:properties": {
            "-xmlns:d": "http://schemas.microsoft.com/ado/2007/08/dataservices",
            "-xmlns:m": "http://schemas.microsoft.com/ado/2007/08/dataservices/metadata",
            "d:Lifnr": "6",
            "d:Land1": "MX",
            "d:Name1": "Juan Pérez",
            "d:Landk": "MEX"
          }
        }
      },
      {
        "id": "http://SICOSRV14.sineti.loc:8000/sap/opu/odata/sap/ZSPORTAL_CREATENOTICE_SRV/vendorHeaderSet('7')",
        "title": {
          "-type": "text",
          "#text": "vendorHeaderSet('7')"
        },
        "updated": "2018-04-06T21:23:34Z",
        "category": {
          "-scheme": "http://schemas.microsoft.com/ado/2007/08/dataservices/scheme",
          "-term": "ZSPORTAL_CREATENOTICE_SRV.vendorHeader"
        },
        "link": {
          "-title": "vendorHeader",
          "-rel": "self",
          "-href": "vendorHeaderSet('7')"
        },
        "content": {
          "-type": "application/xml",
          "m:properties": {
            "-xmlns:d": "http://schemas.microsoft.com/ado/2007/08/dataservices",
            "-xmlns:m": "http://schemas.microsoft.com/ado/2007/08/dataservices/metadata",
            "d:Lifnr": "7",
            "d:Land1": "MX",
            "d:Name1": "PROVEEDOR GLOBAL",
            "d:Stcd1": "DIE8512145S5",
            "d:Landk": "MEX"
          }
        }
      },
      {
        "id": "http://SICOSRV14.sineti.loc:8000/sap/opu/odata/sap/ZSPORTAL_CREATENOTICE_SRV/vendorHeaderSet('8')",
        "title": {
          "-type": "text",
          "#text": "vendorHeaderSet('8')"
        },
        "updated": "2018-04-06T21:23:34Z",
        "category": {
          "-scheme": "http://schemas.microsoft.com/ado/2007/08/dataservices/scheme",
          "-term": "ZSPORTAL_CREATENOTICE_SRV.vendorHeader"
        },
        "link": {
          "-title": "vendorHeader",
          "-rel": "self",
          "-href": "vendorHeaderSet('8')"
        },
        "content": {
          "-type": "application/xml",
          "m:properties": {
            "-xmlns:d": "http://schemas.microsoft.com/ado/2007/08/dataservices",
            "-xmlns:m": "http://schemas.microsoft.com/ado/2007/08/dataservices/metadata",
            "d:Lifnr": "8",
            "d:Land1": "MX",
            "d:Name1": "HOTEL HOLIDAY INN",
            "d:Stcd1": "HOL780521S45",
            "d:Landk": "MEX"
          }
        }
      },
      {
        "id": "http://SICOSRV14.sineti.loc:8000/sap/opu/odata/sap/ZSPORTAL_CREATENOTICE_SRV/vendorHeaderSet('9')",
        "title": {
          "-type": "text",
          "#text": "vendorHeaderSet('9')"
        },
        "updated": "2018-04-06T21:23:34Z",
        "category": {
          "-scheme": "http://schemas.microsoft.com/ado/2007/08/dataservices/scheme",
          "-term": "ZSPORTAL_CREATENOTICE_SRV.vendorHeader"
        },
        "link": {
          "-title": "vendorHeader",
          "-rel": "self",
          "-href": "vendorHeaderSet('9')"
        },
        "content": {
          "-type": "application/xml",
          "m:properties": {
            "-xmlns:d": "http://schemas.microsoft.com/ado/2007/08/dataservices",
            "-xmlns:m": "http://schemas.microsoft.com/ado/2007/08/dataservices/metadata",
            "d:Lifnr": "9",
            "d:Land1": "MX",
            "d:Name1": "CAMINOS Y PUENTES FEDERALES",
            "d:Stcd1": "CAP840514H43",
            "d:Landk": "MEX"
          }
        }
      },
      {
        "id": "http://SICOSRV14.sineti.loc:8000/sap/opu/odata/sap/ZSPORTAL_CREATENOTICE_SRV/vendorHeaderSet('10')",
        "title": {
          "-type": "text",
          "#text": "vendorHeaderSet('10')"
        },
        "updated": "2018-04-06T21:23:34Z",
        "category": {
          "-scheme": "http://schemas.microsoft.com/ado/2007/08/dataservices/scheme",
          "-term": "ZSPORTAL_CREATENOTICE_SRV.vendorHeader"
        },
        "link": {
          "-title": "vendorHeader",
          "-rel": "self",
          "-href": "vendorHeaderSet('10')"
        },
        "content": {
          "-type": "application/xml",
          "m:properties": {
            "-xmlns:d": "http://schemas.microsoft.com/ado/2007/08/dataservices",
            "-xmlns:m": "http://schemas.microsoft.com/ado/2007/08/dataservices/metadata",
            "d:Lifnr": "10",
            "d:Land1": "MX",
            "d:Name1": "PROVEEDOR RESTAURANTES",
            "d:Stcd1": "RES851231AS3",
            "d:Landk": "MEX"
          }
        }
      },
      {
        "id": "http://SICOSRV14.sineti.loc:8000/sap/opu/odata/sap/ZSPORTAL_CREATENOTICE_SRV/vendorHeaderSet('11')",
        "title": {
          "-type": "text",
          "#text": "vendorHeaderSet('11')"
        },
        "updated": "2018-04-06T21:23:34Z",
        "category": {
          "-scheme": "http://schemas.microsoft.com/ado/2007/08/dataservices/scheme",
          "-term": "ZSPORTAL_CREATENOTICE_SRV.vendorHeader"
        },
        "link": {
          "-title": "vendorHeader",
          "-rel": "self",
          "-href": "vendorHeaderSet('11')"
        },
        "content": {
          "-type": "application/xml",
          "m:properties": {
            "-xmlns:d": "http://schemas.microsoft.com/ado/2007/08/dataservices",
            "-xmlns:m": "http://schemas.microsoft.com/ado/2007/08/dataservices/metadata",
            "d:Lifnr": "11",
            "d:Land1": "MX",
            "d:Name1": "PROVEEDOR HARINA",
            "d:Landk": "MEX"
          }
        }
      },
      {
        "id": "http://SICOSRV14.sineti.loc:8000/sap/opu/odata/sap/ZSPORTAL_CREATENOTICE_SRV/vendorHeaderSet('12')",
        "title": {
          "-type": "text",
          "#text": "vendorHeaderSet('12')"
        },
        "updated": "2018-04-06T21:23:34Z",
        "category": {
          "-scheme": "http://schemas.microsoft.com/ado/2007/08/dataservices/scheme",
          "-term": "ZSPORTAL_CREATENOTICE_SRV.vendorHeader"
        },
        "link": {
          "-title": "vendorHeader",
          "-rel": "self",
          "-href": "vendorHeaderSet('12')"
        },
        "content": {
          "-type": "application/xml",
          "m:properties": {
            "-xmlns:d": "http://schemas.microsoft.com/ado/2007/08/dataservices",
            "-xmlns:m": "http://schemas.microsoft.com/ado/2007/08/dataservices/metadata",
            "d:Lifnr": "12",
            "d:Land1": "MX",
            "d:Name1": "acreedor test",
            "d:Landk": "MEX"
          }
        }
      },
      {
        "id": "http://SICOSRV14.sineti.loc:8000/sap/opu/odata/sap/ZSPORTAL_CREATENOTICE_SRV/vendorHeaderSet('16')",
        "title": {
          "-type": "text",
          "#text": "vendorHeaderSet('16')"
        },
        "updated": "2018-04-06T21:23:34Z",
        "category": {
          "-scheme": "http://schemas.microsoft.com/ado/2007/08/dataservices/scheme",
          "-term": "ZSPORTAL_CREATENOTICE_SRV.vendorHeader"
        },
        "link": {
          "-title": "vendorHeader",
          "-rel": "self",
          "-href": "vendorHeaderSet('16')"
        },
        "content": {
          "-type": "application/xml",
          "m:properties": {
            "-xmlns:d": "http://schemas.microsoft.com/ado/2007/08/dataservices",
            "-xmlns:m": "http://schemas.microsoft.com/ado/2007/08/dataservices/metadata",
            "d:Lifnr": "16",
            "d:Land1": "MX",
            "d:Name1": "ACREEDOR PRUEBA",
            "d:Landk": "MEX"
          }
        }
      },
      {
        "id": "http://SICOSRV14.sineti.loc:8000/sap/opu/odata/sap/ZSPORTAL_CREATENOTICE_SRV/vendorHeaderSet('21')",
        "title": {
          "-type": "text",
          "#text": "vendorHeaderSet('21')"
        },
        "updated": "2018-04-06T21:23:34Z",
        "category": {
          "-scheme": "http://schemas.microsoft.com/ado/2007/08/dataservices/scheme",
          "-term": "ZSPORTAL_CREATENOTICE_SRV.vendorHeader"
        },
        "link": {
          "-title": "vendorHeader",
          "-rel": "self",
          "-href": "vendorHeaderSet('21')"
        },
        "content": {
          "-type": "application/xml",
          "m:properties": {
            "-xmlns:d": "http://schemas.microsoft.com/ado/2007/08/dataservices",
            "-xmlns:m": "http://schemas.microsoft.com/ado/2007/08/dataservices/metadata",
            "d:Lifnr": "21",
            "d:Land1": "MX",
            "d:Name1": "DISTRIBUIDORA COMERCIALIZADORA",
            "d:Name2": "CARLKARM",
            "d:Stcd1": "WMX800112C01",
            "d:Landk": "MEX"
          }
        }
      },
      {
        "id": "http://SICOSRV14.sineti.loc:8000/sap/opu/odata/sap/ZSPORTAL_CREATENOTICE_SRV/vendorHeaderSet('22')",
        "title": {
          "-type": "text",
          "#text": "vendorHeaderSet('22')"
        },
        "updated": "2018-04-06T21:23:34Z",
        "category": {
          "-scheme": "http://schemas.microsoft.com/ado/2007/08/dataservices/scheme",
          "-term": "ZSPORTAL_CREATENOTICE_SRV.vendorHeader"
        },
        "link": {
          "-title": "vendorHeader",
          "-rel": "self",
          "-href": "vendorHeaderSet('22')"
        },
        "content": {
          "-type": "application/xml",
          "m:properties": {
            "-xmlns:d": "http://schemas.microsoft.com/ado/2007/08/dataservices",
            "-xmlns:m": "http://schemas.microsoft.com/ado/2007/08/dataservices/metadata",
            "d:Lifnr": "22",
            "d:Land1": "MX",
            "d:Name1": "METALURGIA TRANSFORMACION",
            "d:Stcd1": "WMX800112C15",
            "d:Landk": "MEX"
          }
        }
      },
      {
        "id": "http://SICOSRV14.sineti.loc:8000/sap/opu/odata/sap/ZSPORTAL_CREATENOTICE_SRV/vendorHeaderSet('23')",
        "title": {
          "-type": "text",
          "#text": "vendorHeaderSet('23')"
        },
        "updated": "2018-04-06T21:23:34Z",
        "category": {
          "-scheme": "http://schemas.microsoft.com/ado/2007/08/dataservices/scheme",
          "-term": "ZSPORTAL_CREATENOTICE_SRV.vendorHeader"
        },
        "link": {
          "-title": "vendorHeader",
          "-rel": "self",
          "-href": "vendorHeaderSet('23')"
        },
        "content": {
          "-type": "application/xml",
          "m:properties": {
            "-xmlns:d": "http://schemas.microsoft.com/ado/2007/08/dataservices",
            "-xmlns:m": "http://schemas.microsoft.com/ado/2007/08/dataservices/metadata",
            "d:Lifnr": "23",
            "d:Land1": "US",
            "d:Name1": "MARK WARREN INDUSTRY",
            "d:Stcd1": "WMX800112C6",
            "d:Landk": "USA"
          }
        }
      },
      {
        "id": "http://SICOSRV14.sineti.loc:8000/sap/opu/odata/sap/ZSPORTAL_CREATENOTICE_SRV/vendorHeaderSet('24')",
        "title": {
          "-type": "text",
          "#text": "vendorHeaderSet('24')"
        },
        "updated": "2018-04-06T21:23:34Z",
        "category": {
          "-scheme": "http://schemas.microsoft.com/ado/2007/08/dataservices/scheme",
          "-term": "ZSPORTAL_CREATENOTICE_SRV.vendorHeader"
        },
        "link": {
          "-title": "vendorHeader",
          "-rel": "self",
          "-href": "vendorHeaderSet('24')"
        },
        "content": {
          "-type": "application/xml",
          "m:properties": {
            "-xmlns:d": "http://schemas.microsoft.com/ado/2007/08/dataservices",
            "-xmlns:m": "http://schemas.microsoft.com/ado/2007/08/dataservices/metadata",
            "d:Lifnr": "24",
            "d:Land1": "US",
            "d:Name1": "CAMBRIDGE INDUSTRIES",
            "d:Stcd1": "WMX800112C8",
            "d:Landk": "USA"
          }
        }
      },
      {
        "id": "http://SICOSRV14.sineti.loc:8000/sap/opu/odata/sap/ZSPORTAL_CREATENOTICE_SRV/vendorHeaderSet('25')",
        "title": {
          "-type": "text",
          "#text": "vendorHeaderSet('25')"
        },
        "updated": "2018-04-06T21:23:34Z",
        "category": {
          "-scheme": "http://schemas.microsoft.com/ado/2007/08/dataservices/scheme",
          "-term": "ZSPORTAL_CREATENOTICE_SRV.vendorHeader"
        },
        "link": {
          "-title": "vendorHeader",
          "-rel": "self",
          "-href": "vendorHeaderSet('25')"
        },
        "content": {
          "-type": "application/xml",
          "m:properties": {
            "-xmlns:d": "http://schemas.microsoft.com/ado/2007/08/dataservices",
            "-xmlns:m": "http://schemas.microsoft.com/ado/2007/08/dataservices/metadata",
            "d:Lifnr": "25",
            "d:Land1": "MX",
            "d:Name1": "DISTRIBUIDORA COMERCIALIZADORA",
            "d:Stcd1": "WMX800112C31",
            "d:Landk": "MEX"
          }
        }
      },
      {
        "id": "http://SICOSRV14.sineti.loc:8000/sap/opu/odata/sap/ZSPORTAL_CREATENOTICE_SRV/vendorHeaderSet('26')",
        "title": {
          "-type": "text",
          "#text": "vendorHeaderSet('26')"
        },
        "updated": "2018-04-06T21:23:34Z",
        "category": {
          "-scheme": "http://schemas.microsoft.com/ado/2007/08/dataservices/scheme",
          "-term": "ZSPORTAL_CREATENOTICE_SRV.vendorHeader"
        },
        "link": {
          "-title": "vendorHeader",
          "-rel": "self",
          "-href": "vendorHeaderSet('26')"
        },
        "content": {
          "-type": "application/xml",
          "m:properties": {
            "-xmlns:d": "http://schemas.microsoft.com/ado/2007/08/dataservices",
            "-xmlns:m": "http://schemas.microsoft.com/ado/2007/08/dataservices/metadata",
            "d:Lifnr": "26",
            "d:Land1": "MX",
            "d:Name1": "METALURGIA TRA",
            "d:Stcd1": "WMX800112C45",
            "d:Landk": "MEX"
          }
        }
      },
      {
        "id": "http://SICOSRV14.sineti.loc:8000/sap/opu/odata/sap/ZSPORTAL_CREATENOTICE_SRV/vendorHeaderSet('27')",
        "title": {
          "-type": "text",
          "#text": "vendorHeaderSet('27')"
        },
        "updated": "2018-04-06T21:23:34Z",
        "category": {
          "-scheme": "http://schemas.microsoft.com/ado/2007/08/dataservices/scheme",
          "-term": "ZSPORTAL_CREATENOTICE_SRV.vendorHeader"
        },
        "link": {
          "-title": "vendorHeader",
          "-rel": "self",
          "-href": "vendorHeaderSet('27')"
        },
        "content": {
          "-type": "application/xml",
          "m:properties": {
            "-xmlns:d": "http://schemas.microsoft.com/ado/2007/08/dataservices",
            "-xmlns:m": "http://schemas.microsoft.com/ado/2007/08/dataservices/metadata",
            "d:Lifnr": "27",
            "d:Land1": "US",
            "d:Name1": "MARK INDUSTRY",
            "d:Stcd1": "WMX800112C0",
            "d:Landk": "USA"
          }
        }
      },
      {
        "id": "http://SICOSRV14.sineti.loc:8000/sap/opu/odata/sap/ZSPORTAL_CREATENOTICE_SRV/vendorHeaderSet('28')",
        "title": {
          "-type": "text",
          "#text": "vendorHeaderSet('28')"
        },
        "updated": "2018-04-06T21:23:34Z",
        "category": {
          "-scheme": "http://schemas.microsoft.com/ado/2007/08/dataservices/scheme",
          "-term": "ZSPORTAL_CREATENOTICE_SRV.vendorHeader"
        },
        "link": {
          "-title": "vendorHeader",
          "-rel": "self",
          "-href": "vendorHeaderSet('28')"
        },
        "content": {
          "-type": "application/xml",
          "m:properties": {
            "-xmlns:d": "http://schemas.microsoft.com/ado/2007/08/dataservices",
            "-xmlns:m": "http://schemas.microsoft.com/ado/2007/08/dataservices/metadata",
            "d:Lifnr": "28",
            "d:Land1": "US",
            "d:Name1": "INDUSTRIES CAMBRIDGE",
            "d:Stcd1": "WMX800112C3",
            "d:Landk": "USA"
          }
        }
      },
      {
        "id": "http://SICOSRV14.sineti.loc:8000/sap/opu/odata/sap/ZSPORTAL_CREATENOTICE_SRV/vendorHeaderSet('31')",
        "title": {
          "-type": "text",
          "#text": "vendorHeaderSet('31')"
        },
        "updated": "2018-04-06T21:23:34Z",
        "category": {
          "-scheme": "http://schemas.microsoft.com/ado/2007/08/dataservices/scheme",
          "-term": "ZSPORTAL_CREATENOTICE_SRV.vendorHeader"
        },
        "link": {
          "-title": "vendorHeader",
          "-rel": "self",
          "-href": "vendorHeaderSet('31')"
        },
        "content": {
          "-type": "application/xml",
          "m:properties": {
            "-xmlns:d": "http://schemas.microsoft.com/ado/2007/08/dataservices",
            "-xmlns:m": "http://schemas.microsoft.com/ado/2007/08/dataservices/metadata",
            "d:Lifnr": "31",
            "d:Land1": "MX",
            "d:Name1": "BEIJING AUTOMOTIVE INDUSTRY",
            "d:Stcd1": "WMX800112C70",
            "d:Landk": "MEX"
          }
        }
      },
      {
        "id": "http://SICOSRV14.sineti.loc:8000/sap/opu/odata/sap/ZSPORTAL_CREATENOTICE_SRV/vendorHeaderSet('32')",
        "title": {
          "-type": "text",
          "#text": "vendorHeaderSet('32')"
        },
        "updated": "2018-04-06T21:23:34Z",
        "category": {
          "-scheme": "http://schemas.microsoft.com/ado/2007/08/dataservices/scheme",
          "-term": "ZSPORTAL_CREATENOTICE_SRV.vendorHeader"
        },
        "link": {
          "-title": "vendorHeader",
          "-rel": "self",
          "-href": "vendorHeaderSet('32')"
        },
        "content": {
          "-type": "application/xml",
          "m:properties": {
            "-xmlns:d": "http://schemas.microsoft.com/ado/2007/08/dataservices",
            "-xmlns:m": "http://schemas.microsoft.com/ado/2007/08/dataservices/metadata",
            "d:Lifnr": "32",
            "d:Land1": "MX",
            "d:Name1": "Polyplastycs Co, Ltd.",
            "d:Stcd1": "WMX800112C72",
            "d:Landk": "MEX"
          }
        }
      },
      {
        "id": "http://SICOSRV14.sineti.loc:8000/sap/opu/odata/sap/ZSPORTAL_CREATENOTICE_SRV/vendorHeaderSet('36')",
        "title": {
          "-type": "text",
          "#text": "vendorHeaderSet('36')"
        },
        "updated": "2018-04-06T21:23:34Z",
        "category": {
          "-scheme": "http://schemas.microsoft.com/ado/2007/08/dataservices/scheme",
          "-term": "ZSPORTAL_CREATENOTICE_SRV.vendorHeader"
        },
        "link": {
          "-title": "vendorHeader",
          "-rel": "self",
          "-href": "vendorHeaderSet('36')"
        },
        "content": {
          "-type": "application/xml",
          "m:properties": {
            "-xmlns:d": "http://schemas.microsoft.com/ado/2007/08/dataservices",
            "-xmlns:m": "http://schemas.microsoft.com/ado/2007/08/dataservices/metadata",
            "d:Lifnr": "36",
            "d:Land1": "MX",
            "d:Name1": "Silvio Rodríguez",
            "d:Stcd1": "WMX800112C03",
            "d:Landk": "MEX"
          }
        }
      },
      {
        "id": "http://SICOSRV14.sineti.loc:8000/sap/opu/odata/sap/ZSPORTAL_CREATENOTICE_SRV/vendorHeaderSet('41')",
        "title": {
          "-type": "text",
          "#text": "vendorHeaderSet('41')"
        },
        "updated": "2018-04-06T21:23:34Z",
        "category": {
          "-scheme": "http://schemas.microsoft.com/ado/2007/08/dataservices/scheme",
          "-term": "ZSPORTAL_CREATENOTICE_SRV.vendorHeader"
        },
        "link": {
          "-title": "vendorHeader",
          "-rel": "self",
          "-href": "vendorHeaderSet('41')"
        },
        "content": {
          "-type": "application/xml",
          "m:properties": {
            "-xmlns:d": "http://schemas.microsoft.com/ado/2007/08/dataservices",
            "-xmlns:m": "http://schemas.microsoft.com/ado/2007/08/dataservices/metadata",
            "d:Lifnr": "41",
            "d:Land1": "US",
            "d:Name1": "TEST",
            "d:Landk": "USA"
          }
        }
      },
      {
        "id": "http://SICOSRV14.sineti.loc:8000/sap/opu/odata/sap/ZSPORTAL_CREATENOTICE_SRV/vendorHeaderSet('46')",
        "title": {
          "-type": "text",
          "#text": "vendorHeaderSet('46')"
        },
        "updated": "2018-04-06T21:23:34Z",
        "category": {
          "-scheme": "http://schemas.microsoft.com/ado/2007/08/dataservices/scheme",
          "-term": "ZSPORTAL_CREATENOTICE_SRV.vendorHeader"
        },
        "link": {
          "-title": "vendorHeader",
          "-rel": "self",
          "-href": "vendorHeaderSet('46')"
        },
        "content": {
          "-type": "application/xml",
          "m:properties": {
            "-xmlns:d": "http://schemas.microsoft.com/ado/2007/08/dataservices",
            "-xmlns:m": "http://schemas.microsoft.com/ado/2007/08/dataservices/metadata",
            "d:Lifnr": "46",
            "d:Land1": "MX",
            "d:Name1": "NOMBRE 1",
            "d:Name2": "NOMBRE 2",
            "d:Stcd1": "XAXX010101000",
            "d:Landk": "MEX"
          }
        }
      },
      {
        "id": "http://SICOSRV14.sineti.loc:8000/sap/opu/odata/sap/ZSPORTAL_CREATENOTICE_SRV/vendorHeaderSet('51')",
        "title": {
          "-type": "text",
          "#text": "vendorHeaderSet('51')"
        },
        "updated": "2018-04-06T21:23:34Z",
        "category": {
          "-scheme": "http://schemas.microsoft.com/ado/2007/08/dataservices/scheme",
          "-term": "ZSPORTAL_CREATENOTICE_SRV.vendorHeader"
        },
        "link": {
          "-title": "vendorHeader",
          "-rel": "self",
          "-href": "vendorHeaderSet('51')"
        },
        "content": {
          "-type": "application/xml",
          "m:properties": {
            "-xmlns:d": "http://schemas.microsoft.com/ado/2007/08/dataservices",
            "-xmlns:m": "http://schemas.microsoft.com/ado/2007/08/dataservices/metadata",
            "d:Lifnr": "51",
            "d:Land1": "MX",
            "d:Name1": "American Express Co (México) S.A. d",
            "d:Name2": "C.V.",
            "d:Stcd1": "AEC810901298",
            "d:Landk": "MEX"
          }
        }
      },
      {
        "id": "http://SICOSRV14.sineti.loc:8000/sap/opu/odata/sap/ZSPORTAL_CREATENOTICE_SRV/vendorHeaderSet('52')",
        "title": {
          "-type": "text",
          "#text": "vendorHeaderSet('52')"
        },
        "updated": "2018-04-06T21:23:34Z",
        "category": {
          "-scheme": "http://schemas.microsoft.com/ado/2007/08/dataservices/scheme",
          "-term": "ZSPORTAL_CREATENOTICE_SRV.vendorHeader"
        },
        "link": {
          "-title": "vendorHeader",
          "-rel": "self",
          "-href": "vendorHeaderSet('52')"
        },
        "content": {
          "-type": "application/xml",
          "m:properties": {
            "-xmlns:d": "http://schemas.microsoft.com/ado/2007/08/dataservices",
            "-xmlns:m": "http://schemas.microsoft.com/ado/2007/08/dataservices/metadata",
            "d:Lifnr": "52",
            "d:Land1": "MX",
            "d:Name1": "EMISOR DE FACTURA",
            "d:Landk": "MEX"
          }
        }
      },
      {
        "id": "http://SICOSRV14.sineti.loc:8000/sap/opu/odata/sap/ZSPORTAL_CREATENOTICE_SRV/vendorHeaderSet('53')",
        "title": {
          "-type": "text",
          "#text": "vendorHeaderSet('53')"
        },
        "updated": "2018-04-06T21:23:34Z",
        "category": {
          "-scheme": "http://schemas.microsoft.com/ado/2007/08/dataservices/scheme",
          "-term": "ZSPORTAL_CREATENOTICE_SRV.vendorHeader"
        },
        "link": {
          "-title": "vendorHeader",
          "-rel": "self",
          "-href": "vendorHeaderSet('53')"
        },
        "content": {
          "-type": "application/xml",
          "m:properties": {
            "-xmlns:d": "http://schemas.microsoft.com/ado/2007/08/dataservices",
            "-xmlns:m": "http://schemas.microsoft.com/ado/2007/08/dataservices/metadata",
            "d:Lifnr": "53",
            "d:Land1": "MX",
            "d:Name1": "PRODUCTOR CON EF DISTINTO",
            "d:Landk": "MEX"
          }
        }
      },
      {
        "id": "http://SICOSRV14.sineti.loc:8000/sap/opu/odata/sap/ZSPORTAL_CREATENOTICE_SRV/vendorHeaderSet('54')",
        "title": {
          "-type": "text",
          "#text": "vendorHeaderSet('54')"
        },
        "updated": "2018-04-06T21:23:34Z",
        "category": {
          "-scheme": "http://schemas.microsoft.com/ado/2007/08/dataservices/scheme",
          "-term": "ZSPORTAL_CREATENOTICE_SRV.vendorHeader"
        },
        "link": {
          "-title": "vendorHeader",
          "-rel": "self",
          "-href": "vendorHeaderSet('54')"
        },
        "content": {
          "-type": "application/xml",
          "m:properties": {
            "-xmlns:d": "http://schemas.microsoft.com/ado/2007/08/dataservices",
            "-xmlns:m": "http://schemas.microsoft.com/ado/2007/08/dataservices/metadata",
            "d:Lifnr": "54",
            "d:Land1": "MX",
            "d:Name1": "RENOVARSE O MORIR, S.A DE C.V.",
            "d:Stcd1": "ROM070302KH8",
            "d:Landk": "MEX"
          }
        }
      },
      {
        "id": "http://SICOSRV14.sineti.loc:8000/sap/opu/odata/sap/ZSPORTAL_CREATENOTICE_SRV/vendorHeaderSet('56')",
        "title": {
          "-type": "text",
          "#text": "vendorHeaderSet('56')"
        },
        "updated": "2018-04-06T21:23:34Z",
        "category": {
          "-scheme": "http://schemas.microsoft.com/ado/2007/08/dataservices/scheme",
          "-term": "ZSPORTAL_CREATENOTICE_SRV.vendorHeader"
        },
        "link": {
          "-title": "vendorHeader",
          "-rel": "self",
          "-href": "vendorHeaderSet('56')"
        },
        "content": {
          "-type": "application/xml",
          "m:properties": {
            "-xmlns:d": "http://schemas.microsoft.com/ado/2007/08/dataservices",
            "-xmlns:m": "http://schemas.microsoft.com/ado/2007/08/dataservices/metadata",
            "d:Lifnr": "56",
            "d:Land1": "MX",
            "d:Name1": "TEST",
            "d:Landk": "MEX"
          }
        }
      },
      {
        "id": "http://SICOSRV14.sineti.loc:8000/sap/opu/odata/sap/ZSPORTAL_CREATENOTICE_SRV/vendorHeaderSet('100000')",
        "title": {
          "-type": "text",
          "#text": "vendorHeaderSet('100000')"
        },
        "updated": "2018-04-06T21:23:34Z",
        "category": {
          "-scheme": "http://schemas.microsoft.com/ado/2007/08/dataservices/scheme",
          "-term": "ZSPORTAL_CREATENOTICE_SRV.vendorHeader"
        },
        "link": {
          "-title": "vendorHeader",
          "-rel": "self",
          "-href": "vendorHeaderSet('100000')"
        },
        "content": {
          "-type": "application/xml",
          "m:properties": {
            "-xmlns:d": "http://schemas.microsoft.com/ado/2007/08/dataservices",
            "-xmlns:m": "http://schemas.microsoft.com/ado/2007/08/dataservices/metadata",
            "d:Lifnr": "100000",
            "d:Land1": "MX",
            "d:Name1": "Textivisió",
            "d:Stcd1": "FSM2408282U0",
            "d:Landk": "MEX"
          }
        }
      },
      {
        "id": "http://SICOSRV14.sineti.loc:8000/sap/opu/odata/sap/ZSPORTAL_CREATENOTICE_SRV/vendorHeaderSet('100001')",
        "title": {
          "-type": "text",
          "#text": "vendorHeaderSet('100001')"
        },
        "updated": "2018-04-06T21:23:34Z",
        "category": {
          "-scheme": "http://schemas.microsoft.com/ado/2007/08/dataservices/scheme",
          "-term": "ZSPORTAL_CREATENOTICE_SRV.vendorHeader"
        },
        "link": {
          "-title": "vendorHeader",
          "-rel": "self",
          "-href": "vendorHeaderSet('100001')"
        },
        "content": {
          "-type": "application/xml",
          "m:properties": {
            "-xmlns:d": "http://schemas.microsoft.com/ado/2007/08/dataservices",
            "-xmlns:m": "http://schemas.microsoft.com/ado/2007/08/dataservices/metadata",
            "d:Lifnr": "100001",
            "d:Land1": "MX",
            "d:Name1": "VIRGINIA TEXTIL S.A.",
            "d:Landk": "MEX"
          }
        }
      },
      {
        "id": "http://SICOSRV14.sineti.loc:8000/sap/opu/odata/sap/ZSPORTAL_CREATENOTICE_SRV/vendorHeaderSet('100002')",
        "title": {
          "-type": "text",
          "#text": "vendorHeaderSet('100002')"
        },
        "updated": "2018-04-06T21:23:34Z",
        "category": {
          "-scheme": "http://schemas.microsoft.com/ado/2007/08/dataservices/scheme",
          "-term": "ZSPORTAL_CREATENOTICE_SRV.vendorHeader"
        },
        "link": {
          "-title": "vendorHeader",
          "-rel": "self",
          "-href": "vendorHeaderSet('100002')"
        },
        "content": {
          "-type": "application/xml",
          "m:properties": {
            "-xmlns:d": "http://schemas.microsoft.com/ado/2007/08/dataservices",
            "-xmlns:m": "http://schemas.microsoft.com/ado/2007/08/dataservices/metadata",
            "d:Lifnr": "100002",
            "d:Land1": "MX",
            "d:Name1": "Importadora de Alimentos SA de CV",
            "d:Name2": "Importadora de Alimentos SA de CV",
            "d:Landk": "MEX"
          }
        }
      },
      {
        "id": "http://SICOSRV14.sineti.loc:8000/sap/opu/odata/sap/ZSPORTAL_CREATENOTICE_SRV/vendorHeaderSet('100005')",
        "title": {
          "-type": "text",
          "#text": "vendorHeaderSet('100005')"
        },
        "updated": "2018-04-06T21:23:34Z",
        "category": {
          "-scheme": "http://schemas.microsoft.com/ado/2007/08/dataservices/scheme",
          "-term": "ZSPORTAL_CREATENOTICE_SRV.vendorHeader"
        },
        "link": {
          "-title": "vendorHeader",
          "-rel": "self",
          "-href": "vendorHeaderSet('100005')"
        },
        "content": {
          "-type": "application/xml",
          "m:properties": {
            "-xmlns:d": "http://schemas.microsoft.com/ado/2007/08/dataservices",
            "-xmlns:m": "http://schemas.microsoft.com/ado/2007/08/dataservices/metadata",
            "d:Lifnr": "100005",
            "d:Land1": "MX",
            "d:Name1": "SEPSA S.A. de C.V.",
            "d:Stcd1": "SEP960401BVA",
            "d:Landk": "MEX"
          }
        }
      },
      {
        "id": "http://SICOSRV14.sineti.loc:8000/sap/opu/odata/sap/ZSPORTAL_CREATENOTICE_SRV/vendorHeaderSet('100010')",
        "title": {
          "-type": "text",
          "#text": "vendorHeaderSet('100010')"
        },
        "updated": "2018-04-06T21:23:34Z",
        "category": {
          "-scheme": "http://schemas.microsoft.com/ado/2007/08/dataservices/scheme",
          "-term": "ZSPORTAL_CREATENOTICE_SRV.vendorHeader"
        },
        "link": {
          "-title": "vendorHeader",
          "-rel": "self",
          "-href": "vendorHeaderSet('100010')"
        },
        "content": {
          "-type": "application/xml",
          "m:properties": {
            "-xmlns:d": "http://schemas.microsoft.com/ado/2007/08/dataservices",
            "-xmlns:m": "http://schemas.microsoft.com/ado/2007/08/dataservices/metadata",
            "d:Lifnr": "100010",
            "d:Land1": "MX",
            "d:Name1": "PROVEEDOR 5000",
            "d:Stcd1": "VAIL680501I81",
            "d:Landk": "MEX"
          }
        }
      },
      {
        "id": "http://SICOSRV14.sineti.loc:8000/sap/opu/odata/sap/ZSPORTAL_CREATENOTICE_SRV/vendorHeaderSet('100011')",
        "title": {
          "-type": "text",
          "#text": "vendorHeaderSet('100011')"
        },
        "updated": "2018-04-06T21:23:34Z",
        "category": {
          "-scheme": "http://schemas.microsoft.com/ado/2007/08/dataservices/scheme",
          "-term": "ZSPORTAL_CREATENOTICE_SRV.vendorHeader"
        },
        "link": {
          "-title": "vendorHeader",
          "-rel": "self",
          "-href": "vendorHeaderSet('100011')"
        },
        "content": {
          "-type": "application/xml",
          "m:properties": {
            "-xmlns:d": "http://schemas.microsoft.com/ado/2007/08/dataservices",
            "-xmlns:m": "http://schemas.microsoft.com/ado/2007/08/dataservices/metadata",
            "d:Lifnr": "100011",
            "d:Land1": "MX",
            "d:Name1": "Proveedor",
            "d:Stcd1": "OLC851125MG4",
            "d:Landk": "MEX"
          }
        }
      },
      {
        "id": "http://SICOSRV14.sineti.loc:8000/sap/opu/odata/sap/ZSPORTAL_CREATENOTICE_SRV/vendorHeaderSet('100015')",
        "title": {
          "-type": "text",
          "#text": "vendorHeaderSet('100015')"
        },
        "updated": "2018-04-06T21:23:34Z",
        "category": {
          "-scheme": "http://schemas.microsoft.com/ado/2007/08/dataservices/scheme",
          "-term": "ZSPORTAL_CREATENOTICE_SRV.vendorHeader"
        },
        "link": {
          "-title": "vendorHeader",
          "-rel": "self",
          "-href": "vendorHeaderSet('100015')"
        },
        "content": {
          "-type": "application/xml",
          "m:properties": {
            "-xmlns:d": "http://schemas.microsoft.com/ado/2007/08/dataservices",
            "-xmlns:m": "http://schemas.microsoft.com/ado/2007/08/dataservices/metadata",
            "d:Lifnr": "100015",
            "d:Land1": "MX",
            "d:Name1": "GISELA",
            "d:Name2": "PROVEEDOR 01",
            "d:Stcd1": "FSM2408282U0",
            "d:Landk": "MEX"
          }
        }
      },
      {
        "id": "http://SICOSRV14.sineti.loc:8000/sap/opu/odata/sap/ZSPORTAL_CREATENOTICE_SRV/vendorHeaderSet('100016')",
        "title": {
          "-type": "text",
          "#text": "vendorHeaderSet('100016')"
        },
        "updated": "2018-04-06T21:23:34Z",
        "category": {
          "-scheme": "http://schemas.microsoft.com/ado/2007/08/dataservices/scheme",
          "-term": "ZSPORTAL_CREATENOTICE_SRV.vendorHeader"
        },
        "link": {
          "-title": "vendorHeader",
          "-rel": "self",
          "-href": "vendorHeaderSet('100016')"
        },
        "content": {
          "-type": "application/xml",
          "m:properties": {
            "-xmlns:d": "http://schemas.microsoft.com/ado/2007/08/dataservices",
            "-xmlns:m": "http://schemas.microsoft.com/ado/2007/08/dataservices/metadata",
            "d:Lifnr": "100016",
            "d:Land1": "MX",
            "d:Name1": "PROVEEDOR 02",
            "d:Stcd1": "LLA0212178G0",
            "d:Landk": "MEX"
          }
        }
      },
      {
        "id": "http://SICOSRV14.sineti.loc:8000/sap/opu/odata/sap/ZSPORTAL_CREATENOTICE_SRV/vendorHeaderSet('100017')",
        "title": {
          "-type": "text",
          "#text": "vendorHeaderSet('100017')"
        },
        "updated": "2018-04-06T21:23:34Z",
        "category": {
          "-scheme": "http://schemas.microsoft.com/ado/2007/08/dataservices/scheme",
          "-term": "ZSPORTAL_CREATENOTICE_SRV.vendorHeader"
        },
        "link": {
          "-title": "vendorHeader",
          "-rel": "self",
          "-href": "vendorHeaderSet('100017')"
        },
        "content": {
          "-type": "application/xml",
          "m:properties": {
            "-xmlns:d": "http://schemas.microsoft.com/ado/2007/08/dataservices",
            "-xmlns:m": "http://schemas.microsoft.com/ado/2007/08/dataservices/metadata",
            "d:Lifnr": "100017",
            "d:Land1": "MX",
            "d:Name1": "PROVEEDOR 3",
            "d:Landk": "MEX"
          }
        }
      },
      {
        "id": "http://SICOSRV14.sineti.loc:8000/sap/opu/odata/sap/ZSPORTAL_CREATENOTICE_SRV/vendorHeaderSet('100018')",
        "title": {
          "-type": "text",
          "#text": "vendorHeaderSet('100018')"
        },
        "updated": "2018-04-06T21:23:34Z",
        "category": {
          "-scheme": "http://schemas.microsoft.com/ado/2007/08/dataservices/scheme",
          "-term": "ZSPORTAL_CREATENOTICE_SRV.vendorHeader"
        },
        "link": {
          "-title": "vendorHeader",
          "-rel": "self",
          "-href": "vendorHeaderSet('100018')"
        },
        "content": {
          "-type": "application/xml",
          "m:properties": {
            "-xmlns:d": "http://schemas.microsoft.com/ado/2007/08/dataservices",
            "-xmlns:m": "http://schemas.microsoft.com/ado/2007/08/dataservices/metadata",
            "d:Lifnr": "100018",
            "d:Land1": "MX",
            "d:Name1": "PROVEEDOR REFRESCOS",
            "d:Stcd1": "POR900506L78",
            "d:Landk": "MEX"
          }
        }
      },
      {
        "id": "http://SICOSRV14.sineti.loc:8000/sap/opu/odata/sap/ZSPORTAL_CREATENOTICE_SRV/vendorHeaderSet('100020')",
        "title": {
          "-type": "text",
          "#text": "vendorHeaderSet('100020')"
        },
        "updated": "2018-04-06T21:23:34Z",
        "category": {
          "-scheme": "http://schemas.microsoft.com/ado/2007/08/dataservices/scheme",
          "-term": "ZSPORTAL_CREATENOTICE_SRV.vendorHeader"
        },
        "link": {
          "-title": "vendorHeader",
          "-rel": "self",
          "-href": "vendorHeaderSet('100020')"
        },
        "content": {
          "-type": "application/xml",
          "m:properties": {
            "-xmlns:d": "http://schemas.microsoft.com/ado/2007/08/dataservices",
            "-xmlns:m": "http://schemas.microsoft.com/ado/2007/08/dataservices/metadata",
            "d:Lifnr": "100020",
            "d:Land1": "MX",
            "d:Name1": "IRAIS GUTIÉRREZ CAMACHO",
            "d:Landk": "MEX"
          }
        }
      },
      {
        "id": "http://SICOSRV14.sineti.loc:8000/sap/opu/odata/sap/ZSPORTAL_CREATENOTICE_SRV/vendorHeaderSet('100021')",
        "title": {
          "-type": "text",
          "#text": "vendorHeaderSet('100021')"
        },
        "updated": "2018-04-06T21:23:34Z",
        "category": {
          "-scheme": "http://schemas.microsoft.com/ado/2007/08/dataservices/scheme",
          "-term": "ZSPORTAL_CREATENOTICE_SRV.vendorHeader"
        },
        "link": {
          "-title": "vendorHeader",
          "-rel": "self",
          "-href": "vendorHeaderSet('100021')"
        },
        "content": {
          "-type": "application/xml",
          "m:properties": {
            "-xmlns:d": "http://schemas.microsoft.com/ado/2007/08/dataservices",
            "-xmlns:m": "http://schemas.microsoft.com/ado/2007/08/dataservices/metadata",
            "d:Lifnr": "100021",
            "d:Land1": "MX",
            "d:Name1": "IRAIS GUTIÉRREZ CAMACHO",
            "d:Landk": "MEX"
          }
        }
      },
      {
        "id": "http://SICOSRV14.sineti.loc:8000/sap/opu/odata/sap/ZSPORTAL_CREATENOTICE_SRV/vendorHeaderSet('100025')",
        "title": {
          "-type": "text",
          "#text": "vendorHeaderSet('100025')"
        },
        "updated": "2018-04-06T21:23:34Z",
        "category": {
          "-scheme": "http://schemas.microsoft.com/ado/2007/08/dataservices/scheme",
          "-term": "ZSPORTAL_CREATENOTICE_SRV.vendorHeader"
        },
        "link": {
          "-title": "vendorHeader",
          "-rel": "self",
          "-href": "vendorHeaderSet('100025')"
        },
        "content": {
          "-type": "application/xml",
          "m:properties": {
            "-xmlns:d": "http://schemas.microsoft.com/ado/2007/08/dataservices",
            "-xmlns:m": "http://schemas.microsoft.com/ado/2007/08/dataservices/metadata",
            "d:Lifnr": "100025",
            "d:Land1": "MX",
            "d:Name1": "Proveedor Consignacion",
            "d:Landk": "MEX"
          }
        }
      },
      {
        "id": "http://SICOSRV14.sineti.loc:8000/sap/opu/odata/sap/ZSPORTAL_CREATENOTICE_SRV/vendorHeaderSet('100030')",
        "title": {
          "-type": "text",
          "#text": "vendorHeaderSet('100030')"
        },
        "updated": "2018-04-06T21:23:34Z",
        "category": {
          "-scheme": "http://schemas.microsoft.com/ado/2007/08/dataservices/scheme",
          "-term": "ZSPORTAL_CREATENOTICE_SRV.vendorHeader"
        },
        "link": {
          "-title": "vendorHeader",
          "-rel": "self",
          "-href": "vendorHeaderSet('100030')"
        },
        "content": {
          "-type": "application/xml",
          "m:properties": {
            "-xmlns:d": "http://schemas.microsoft.com/ado/2007/08/dataservices",
            "-xmlns:m": "http://schemas.microsoft.com/ado/2007/08/dataservices/metadata",
            "d:Lifnr": "100030",
            "d:Land1": "MX",
            "d:Name1": "PROVEEDOR 1",
            "d:Stcd1": "WMX800112C77",
            "d:Landk": "MEX"
          }
        }
      },
      {
        "id": "http://SICOSRV14.sineti.loc:8000/sap/opu/odata/sap/ZSPORTAL_CREATENOTICE_SRV/vendorHeaderSet('100031')",
        "title": {
          "-type": "text",
          "#text": "vendorHeaderSet('100031')"
        },
        "updated": "2018-04-06T21:23:34Z",
        "category": {
          "-scheme": "http://schemas.microsoft.com/ado/2007/08/dataservices/scheme",
          "-term": "ZSPORTAL_CREATENOTICE_SRV.vendorHeader"
        },
        "link": {
          "-title": "vendorHeader",
          "-rel": "self",
          "-href": "vendorHeaderSet('100031')"
        },
        "content": {
          "-type": "application/xml",
          "m:properties": {
            "-xmlns:d": "http://schemas.microsoft.com/ado/2007/08/dataservices",
            "-xmlns:m": "http://schemas.microsoft.com/ado/2007/08/dataservices/metadata",
            "d:Lifnr": "100031",
            "d:Land1": "MX",
            "d:Name1": "REACSA",
            "d:Landk": "MEX"
          }
        }
      },
      {
        "id": "http://SICOSRV14.sineti.loc:8000/sap/opu/odata/sap/ZSPORTAL_CREATENOTICE_SRV/vendorHeaderSet('100035')",
        "title": {
          "-type": "text",
          "#text": "vendorHeaderSet('100035')"
        },
        "updated": "2018-04-06T21:23:34Z",
        "category": {
          "-scheme": "http://schemas.microsoft.com/ado/2007/08/dataservices/scheme",
          "-term": "ZSPORTAL_CREATENOTICE_SRV.vendorHeader"
        },
        "link": {
          "-title": "vendorHeader",
          "-rel": "self",
          "-href": "vendorHeaderSet('100035')"
        },
        "content": {
          "-type": "application/xml",
          "m:properties": {
            "-xmlns:d": "http://schemas.microsoft.com/ado/2007/08/dataservices",
            "-xmlns:m": "http://schemas.microsoft.com/ado/2007/08/dataservices/metadata",
            "d:Lifnr": "100035",
            "d:Land1": "MX",
            "d:Name1": "DISTRIBUIDORA DE ALUMINIO",
            "d:Stcd1": "WMX800112C66",
            "d:Landk": "MEX"
          }
        }
      },
      {
        "id": "http://SICOSRV14.sineti.loc:8000/sap/opu/odata/sap/ZSPORTAL_CREATENOTICE_SRV/vendorHeaderSet('100036')",
        "title": {
          "-type": "text",
          "#text": "vendorHeaderSet('100036')"
        },
        "updated": "2018-04-06T21:23:34Z",
        "category": {
          "-scheme": "http://schemas.microsoft.com/ado/2007/08/dataservices/scheme",
          "-term": "ZSPORTAL_CREATENOTICE_SRV.vendorHeader"
        },
        "link": {
          "-title": "vendorHeader",
          "-rel": "self",
          "-href": "vendorHeaderSet('100036')"
        },
        "content": {
          "-type": "application/xml",
          "m:properties": {
            "-xmlns:d": "http://schemas.microsoft.com/ado/2007/08/dataservices",
            "-xmlns:m": "http://schemas.microsoft.com/ado/2007/08/dataservices/metadata",
            "d:Lifnr": "100036",
            "d:Land1": "MX",
            "d:Name1": "FUNOFERTIZ",
            "d:Stcd1": "WMX800112C44",
            "d:Landk": "MEX"
          }
        }
      },
      {
        "id": "http://SICOSRV14.sineti.loc:8000/sap/opu/odata/sap/ZSPORTAL_CREATENOTICE_SRV/vendorHeaderSet('100037')",
        "title": {
          "-type": "text",
          "#text": "vendorHeaderSet('100037')"
        },
        "updated": "2018-04-06T21:23:34Z",
        "category": {
          "-scheme": "http://schemas.microsoft.com/ado/2007/08/dataservices/scheme",
          "-term": "ZSPORTAL_CREATENOTICE_SRV.vendorHeader"
        },
        "link": {
          "-title": "vendorHeader",
          "-rel": "self",
          "-href": "vendorHeaderSet('100037')"
        },
        "content": {
          "-type": "application/xml",
          "m:properties": {
            "-xmlns:d": "http://schemas.microsoft.com/ado/2007/08/dataservices",
            "-xmlns:m": "http://schemas.microsoft.com/ado/2007/08/dataservices/metadata",
            "d:Lifnr": "100037",
            "d:Land1": "MX",
            "d:Name1": "DISTRIBUIDORA DE ALUMINIO",
            "d:Stcd1": "WMX800112C11",
            "d:Landk": "MEX"
          }
        }
      },
      {
        "id": "http://SICOSRV14.sineti.loc:8000/sap/opu/odata/sap/ZSPORTAL_CREATENOTICE_SRV/vendorHeaderSet('100038')",
        "title": {
          "-type": "text",
          "#text": "vendorHeaderSet('100038')"
        },
        "updated": "2018-04-06T21:23:34Z",
        "category": {
          "-scheme": "http://schemas.microsoft.com/ado/2007/08/dataservices/scheme",
          "-term": "ZSPORTAL_CREATENOTICE_SRV.vendorHeader"
        },
        "link": {
          "-title": "vendorHeader",
          "-rel": "self",
          "-href": "vendorHeaderSet('100038')"
        },
        "content": {
          "-type": "application/xml",
          "m:properties": {
            "-xmlns:d": "http://schemas.microsoft.com/ado/2007/08/dataservices",
            "-xmlns:m": "http://schemas.microsoft.com/ado/2007/08/dataservices/metadata",
            "d:Lifnr": "100038",
            "d:Land1": "MX",
            "d:Name1": "FUNOFERTIZ",
            "d:Stcd1": "WMX800112C22",
            "d:Landk": "MEX"
          }
        }
      },
      {
        "id": "http://SICOSRV14.sineti.loc:8000/sap/opu/odata/sap/ZSPORTAL_CREATENOTICE_SRV/vendorHeaderSet('100040')",
        "title": {
          "-type": "text",
          "#text": "vendorHeaderSet('100040')"
        },
        "updated": "2018-04-06T21:23:34Z",
        "category": {
          "-scheme": "http://schemas.microsoft.com/ado/2007/08/dataservices/scheme",
          "-term": "ZSPORTAL_CREATENOTICE_SRV.vendorHeader"
        },
        "link": {
          "-title": "vendorHeader",
          "-rel": "self",
          "-href": "vendorHeaderSet('100040')"
        },
        "content": {
          "-type": "application/xml",
          "m:properties": {
            "-xmlns:d": "http://schemas.microsoft.com/ado/2007/08/dataservices",
            "-xmlns:m": "http://schemas.microsoft.com/ado/2007/08/dataservices/metadata",
            "d:Lifnr": "100040",
            "d:Land1": "MX",
            "d:Name1": "RAMON HILARIO",
            "d:Stcd1": "WMX800112C75",
            "d:Landk": "MEX"
          }
        }
      },
      {
        "id": "http://SICOSRV14.sineti.loc:8000/sap/opu/odata/sap/ZSPORTAL_CREATENOTICE_SRV/vendorHeaderSet('300000')",
        "title": {
          "-type": "text",
          "#text": "vendorHeaderSet('300000')"
        },
        "updated": "2018-04-06T21:23:34Z",
        "category": {
          "-scheme": "http://schemas.microsoft.com/ado/2007/08/dataservices/scheme",
          "-term": "ZSPORTAL_CREATENOTICE_SRV.vendorHeader"
        },
        "link": {
          "-title": "vendorHeader",
          "-rel": "self",
          "-href": "vendorHeaderSet('300000')"
        },
        "content": {
          "-type": "application/xml",
          "m:properties": {
            "-xmlns:d": "http://schemas.microsoft.com/ado/2007/08/dataservices",
            "-xmlns:m": "http://schemas.microsoft.com/ado/2007/08/dataservices/metadata",
            "d:Lifnr": "300000",
            "d:Land1": "MX",
            "d:Name1": "PROVEDOR 1",
            "d:Landk": "MEX"
          }
        }
      },
      {
        "id": "http://SICOSRV14.sineti.loc:8000/sap/opu/odata/sap/ZSPORTAL_CREATENOTICE_SRV/vendorHeaderSet('300001')",
        "title": {
          "-type": "text",
          "#text": "vendorHeaderSet('300001')"
        },
        "updated": "2018-04-06T21:23:34Z",
        "category": {
          "-scheme": "http://schemas.microsoft.com/ado/2007/08/dataservices/scheme",
          "-term": "ZSPORTAL_CREATENOTICE_SRV.vendorHeader"
        },
        "link": {
          "-title": "vendorHeader",
          "-rel": "self",
          "-href": "vendorHeaderSet('300001')"
        },
        "content": {
          "-type": "application/xml",
          "m:properties": {
            "-xmlns:d": "http://schemas.microsoft.com/ado/2007/08/dataservices",
            "-xmlns:m": "http://schemas.microsoft.com/ado/2007/08/dataservices/metadata",
            "d:Lifnr": "300001",
            "d:Land1": "MX",
            "d:Name1": "GAMA COLOR",
            "d:Landk": "MEX"
          }
        }
      },
      {
        "id": "http://SICOSRV14.sineti.loc:8000/sap/opu/odata/sap/ZSPORTAL_CREATENOTICE_SRV/vendorHeaderSet('300002')",
        "title": {
          "-type": "text",
          "#text": "vendorHeaderSet('300002')"
        },
        "updated": "2018-04-06T21:23:34Z",
        "category": {
          "-scheme": "http://schemas.microsoft.com/ado/2007/08/dataservices/scheme",
          "-term": "ZSPORTAL_CREATENOTICE_SRV.vendorHeader"
        },
        "link": {
          "-title": "vendorHeader",
          "-rel": "self",
          "-href": "vendorHeaderSet('300002')"
        },
        "content": {
          "-type": "application/xml",
          "m:properties": {
            "-xmlns:d": "http://schemas.microsoft.com/ado/2007/08/dataservices",
            "-xmlns:m": "http://schemas.microsoft.com/ado/2007/08/dataservices/metadata",
            "d:Lifnr": "300002",
            "d:Land1": "MX",
            "d:Name1": "BOPISA",
            "d:Landk": "MEX"
          }
        }
      },
      {
        "id": "http://SICOSRV14.sineti.loc:8000/sap/opu/odata/sap/ZSPORTAL_CREATENOTICE_SRV/vendorHeaderSet('300003')",
        "title": {
          "-type": "text",
          "#text": "vendorHeaderSet('300003')"
        },
        "updated": "2018-04-06T21:23:34Z",
        "category": {
          "-scheme": "http://schemas.microsoft.com/ado/2007/08/dataservices/scheme",
          "-term": "ZSPORTAL_CREATENOTICE_SRV.vendorHeader"
        },
        "link": {
          "-title": "vendorHeader",
          "-rel": "self",
          "-href": "vendorHeaderSet('300003')"
        },
        "content": {
          "-type": "application/xml",
          "m:properties": {
            "-xmlns:d": "http://schemas.microsoft.com/ado/2007/08/dataservices",
            "-xmlns:m": "http://schemas.microsoft.com/ado/2007/08/dataservices/metadata",
            "d:Lifnr": "300003",
            "d:Land1": "MX",
            "d:Name1": "FOAMPAK",
            "d:Landk": "MEX"
          }
        }
      },
      {
        "id": "http://SICOSRV14.sineti.loc:8000/sap/opu/odata/sap/ZSPORTAL_CREATENOTICE_SRV/vendorHeaderSet('300004')",
        "title": {
          "-type": "text",
          "#text": "vendorHeaderSet('300004')"
        },
        "updated": "2018-04-06T21:23:34Z",
        "category": {
          "-scheme": "http://schemas.microsoft.com/ado/2007/08/dataservices/scheme",
          "-term": "ZSPORTAL_CREATENOTICE_SRV.vendorHeader"
        },
        "link": {
          "-title": "vendorHeader",
          "-rel": "self",
          "-href": "vendorHeaderSet('300004')"
        },
        "content": {
          "-type": "application/xml",
          "m:properties": {
            "-xmlns:d": "http://schemas.microsoft.com/ado/2007/08/dataservices",
            "-xmlns:m": "http://schemas.microsoft.com/ado/2007/08/dataservices/metadata",
            "d:Lifnr": "300004",
            "d:Land1": "MX",
            "d:Name1": "P.SOLUCIONS",
            "d:Landk": "MEX"
          }
        }
      },
      {
        "id": "http://SICOSRV14.sineti.loc:8000/sap/opu/odata/sap/ZSPORTAL_CREATENOTICE_SRV/vendorHeaderSet('300005')",
        "title": {
          "-type": "text",
          "#text": "vendorHeaderSet('300005')"
        },
        "updated": "2018-04-06T21:23:34Z",
        "category": {
          "-scheme": "http://schemas.microsoft.com/ado/2007/08/dataservices/scheme",
          "-term": "ZSPORTAL_CREATENOTICE_SRV.vendorHeader"
        },
        "link": {
          "-title": "vendorHeader",
          "-rel": "self",
          "-href": "vendorHeaderSet('300005')"
        },
        "content": {
          "-type": "application/xml",
          "m:properties": {
            "-xmlns:d": "http://schemas.microsoft.com/ado/2007/08/dataservices",
            "-xmlns:m": "http://schemas.microsoft.com/ado/2007/08/dataservices/metadata",
            "d:Lifnr": "300005",
            "d:Land1": "MX",
            "d:Name1": "QUIMISOR",
            "d:Landk": "MEX"
          }
        }
      },
      {
        "id": "http://SICOSRV14.sineti.loc:8000/sap/opu/odata/sap/ZSPORTAL_CREATENOTICE_SRV/vendorHeaderSet('300006')",
        "title": {
          "-type": "text",
          "#text": "vendorHeaderSet('300006')"
        },
        "updated": "2018-04-06T21:23:34Z",
        "category": {
          "-scheme": "http://schemas.microsoft.com/ado/2007/08/dataservices/scheme",
          "-term": "ZSPORTAL_CREATENOTICE_SRV.vendorHeader"
        },
        "link": {
          "-title": "vendorHeader",
          "-rel": "self",
          "-href": "vendorHeaderSet('300006')"
        },
        "content": {
          "-type": "application/xml",
          "m:properties": {
            "-xmlns:d": "http://schemas.microsoft.com/ado/2007/08/dataservices",
            "-xmlns:m": "http://schemas.microsoft.com/ado/2007/08/dataservices/metadata",
            "d:Lifnr": "300006",
            "d:Land1": "MX",
            "d:Name1": "EMPAQUE M.G",
            "d:Landk": "MEX"
          }
        }
      },
      {
        "id": "http://SICOSRV14.sineti.loc:8000/sap/opu/odata/sap/ZSPORTAL_CREATENOTICE_SRV/vendorHeaderSet('300019')",
        "title": {
          "-type": "text",
          "#text": "vendorHeaderSet('300019')"
        },
        "updated": "2018-04-06T21:23:34Z",
        "category": {
          "-scheme": "http://schemas.microsoft.com/ado/2007/08/dataservices/scheme",
          "-term": "ZSPORTAL_CREATENOTICE_SRV.vendorHeader"
        },
        "link": {
          "-title": "vendorHeader",
          "-rel": "self",
          "-href": "vendorHeaderSet('300019')"
        },
        "content": {
          "-type": "application/xml",
          "m:properties": {
            "-xmlns:d": "http://schemas.microsoft.com/ado/2007/08/dataservices",
            "-xmlns:m": "http://schemas.microsoft.com/ado/2007/08/dataservices/metadata",
            "d:Lifnr": "300019",
            "d:Land1": "US",
            "d:Name1": "TIMCO TANDEM",
            "d:Stcd1": "WMX800112C1",
            "d:Landk": "USA"
          }
        }
      },
      {
        "id": "http://SICOSRV14.sineti.loc:8000/sap/opu/odata/sap/ZSPORTAL_CREATENOTICE_SRV/vendorHeaderSet('300048')",
        "title": {
          "-type": "text",
          "#text": "vendorHeaderSet('300048')"
        },
        "updated": "2018-04-06T21:23:34Z",
        "category": {
          "-scheme": "http://schemas.microsoft.com/ado/2007/08/dataservices/scheme",
          "-term": "ZSPORTAL_CREATENOTICE_SRV.vendorHeader"
        },
        "link": {
          "-title": "vendorHeader",
          "-rel": "self",
          "-href": "vendorHeaderSet('300048')"
        },
        "content": {
          "-type": "application/xml",
          "m:properties": {
            "-xmlns:d": "http://schemas.microsoft.com/ado/2007/08/dataservices",
            "-xmlns:m": "http://schemas.microsoft.com/ado/2007/08/dataservices/metadata",
            "d:Lifnr": "300048",
            "d:Land1": "US",
            "d:Name1": "TIMCO TANDEM",
            "d:Stcd1": "WMX800112C5",
            "d:Landk": "USA"
          }
        }
      },
      {
        "id": "http://SICOSRV14.sineti.loc:8000/sap/opu/odata/sap/ZSPORTAL_CREATENOTICE_SRV/vendorHeaderSet('393090')",
        "title": {
          "-type": "text",
          "#text": "vendorHeaderSet('393090')"
        },
        "updated": "2018-04-06T21:23:34Z",
        "category": {
          "-scheme": "http://schemas.microsoft.com/ado/2007/08/dataservices/scheme",
          "-term": "ZSPORTAL_CREATENOTICE_SRV.vendorHeader"
        },
        "link": {
          "-title": "vendorHeader",
          "-rel": "self",
          "-href": "vendorHeaderSet('393090')"
        },
        "content": {
          "-type": "application/xml",
          "m:properties": {
            "-xmlns:d": "http://schemas.microsoft.com/ado/2007/08/dataservices",
            "-xmlns:m": "http://schemas.microsoft.com/ado/2007/08/dataservices/metadata",
            "d:Lifnr": "393090",
            "d:Land1": "MX",
            "d:Name1": "CPD Nacional",
            "d:Landk": "MEX"
          }
        }
      },
      {
        "id": "http://SICOSRV14.sineti.loc:8000/sap/opu/odata/sap/ZSPORTAL_CREATENOTICE_SRV/vendorHeaderSet('400000')",
        "title": {
          "-type": "text",
          "#text": "vendorHeaderSet('400000')"
        },
        "updated": "2018-04-06T21:23:34Z",
        "category": {
          "-scheme": "http://schemas.microsoft.com/ado/2007/08/dataservices/scheme",
          "-term": "ZSPORTAL_CREATENOTICE_SRV.vendorHeader"
        },
        "link": {
          "-title": "vendorHeader",
          "-rel": "self",
          "-href": "vendorHeaderSet('400000')"
        },
        "content": {
          "-type": "application/xml",
          "m:properties": {
            "-xmlns:d": "http://schemas.microsoft.com/ado/2007/08/dataservices",
            "-xmlns:m": "http://schemas.microsoft.com/ado/2007/08/dataservices/metadata",
            "d:Lifnr": "400000",
            "d:Land1": "MX",
            "d:Name1": "Centro suministrador",
            "d:Landk": "MEX"
          }
        }
      },
      {
        "id": "http://SICOSRV14.sineti.loc:8000/sap/opu/odata/sap/ZSPORTAL_CREATENOTICE_SRV/vendorHeaderSet('439492')",
        "title": {
          "-type": "text",
          "#text": "vendorHeaderSet('439492')"
        },
        "updated": "2018-04-06T21:23:34Z",
        "category": {
          "-scheme": "http://schemas.microsoft.com/ado/2007/08/dataservices/scheme",
          "-term": "ZSPORTAL_CREATENOTICE_SRV.vendorHeader"
        },
        "link": {
          "-title": "vendorHeader",
          "-rel": "self",
          "-href": "vendorHeaderSet('439492')"
        },
        "content": {
          "-type": "application/xml",
          "m:properties": {
            "-xmlns:d": "http://schemas.microsoft.com/ado/2007/08/dataservices",
            "-xmlns:m": "http://schemas.microsoft.com/ado/2007/08/dataservices/metadata",
            "d:Lifnr": "439492",
            "d:Land1": "MX",
            "d:Name1": "Auto Líneas Villarreal",
            "d:Name2": "S.A. de C.V.",
            "d:Stcd1": "ALV961213V22",
            "d:Landk": "MEX"
          }
        }
      },
      {
        "id": "http://SICOSRV14.sineti.loc:8000/sap/opu/odata/sap/ZSPORTAL_CREATENOTICE_SRV/vendorHeaderSet('452001')",
        "title": {
          "-type": "text",
          "#text": "vendorHeaderSet('452001')"
        },
        "updated": "2018-04-06T21:23:34Z",
        "category": {
          "-scheme": "http://schemas.microsoft.com/ado/2007/08/dataservices/scheme",
          "-term": "ZSPORTAL_CREATENOTICE_SRV.vendorHeader"
        },
        "link": {
          "-title": "vendorHeader",
          "-rel": "self",
          "-href": "vendorHeaderSet('452001')"
        },
        "content": {
          "-type": "application/xml",
          "m:properties": {
            "-xmlns:d": "http://schemas.microsoft.com/ado/2007/08/dataservices",
            "-xmlns:m": "http://schemas.microsoft.com/ado/2007/08/dataservices/metadata",
            "d:Lifnr": "452001",
            "d:Land1": "MX",
            "d:Name1": "SEPSA SERVICIOS INTEGRALES",
            "d:Stcd1": "SSI970919E71",
            "d:Landk": "MEX"
          }
        }
      },
      {
        "id": "http://SICOSRV14.sineti.loc:8000/sap/opu/odata/sap/ZSPORTAL_CREATENOTICE_SRV/vendorHeaderSet('457722')",
        "title": {
          "-type": "text",
          "#text": "vendorHeaderSet('457722')"
        },
        "updated": "2018-04-06T21:23:34Z",
        "category": {
          "-scheme": "http://schemas.microsoft.com/ado/2007/08/dataservices/scheme",
          "-term": "ZSPORTAL_CREATENOTICE_SRV.vendorHeader"
        },
        "link": {
          "-title": "vendorHeader",
          "-rel": "self",
          "-href": "vendorHeaderSet('457722')"
        },
        "content": {
          "-type": "application/xml",
          "m:properties": {
            "-xmlns:d": "http://schemas.microsoft.com/ado/2007/08/dataservices",
            "-xmlns:m": "http://schemas.microsoft.com/ado/2007/08/dataservices/metadata",
            "d:Lifnr": "457722",
            "d:Land1": "MX",
            "d:Name1": "KOCHOVERSEAS DE MEXICO SA DE CV",
            "d:Stcd1": "KOM660329K18",
            "d:Landk": "MEX"
          }
        }
      },
      {
        "id": "http://SICOSRV14.sineti.loc:8000/sap/opu/odata/sap/ZSPORTAL_CREATENOTICE_SRV/vendorHeaderSet('457981')",
        "title": {
          "-type": "text",
          "#text": "vendorHeaderSet('457981')"
        },
        "updated": "2018-04-06T21:23:34Z",
        "category": {
          "-scheme": "http://schemas.microsoft.com/ado/2007/08/dataservices/scheme",
          "-term": "ZSPORTAL_CREATENOTICE_SRV.vendorHeader"
        },
        "link": {
          "-title": "vendorHeader",
          "-rel": "self",
          "-href": "vendorHeaderSet('457981')"
        },
        "content": {
          "-type": "application/xml",
          "m:properties": {
            "-xmlns:d": "http://schemas.microsoft.com/ado/2007/08/dataservices",
            "-xmlns:m": "http://schemas.microsoft.com/ado/2007/08/dataservices/metadata",
            "d:Lifnr": "457981",
            "d:Land1": "MX",
            "d:Name1": "DB CARRIERS SA DE CV",
            "d:Stcd1": "DCA160316332",
            "d:Landk": "MEX"
          }
        }
      },
      {
        "id": "http://SICOSRV14.sineti.loc:8000/sap/opu/odata/sap/ZSPORTAL_CREATENOTICE_SRV/vendorHeaderSet('460516')",
        "title": {
          "-type": "text",
          "#text": "vendorHeaderSet('460516')"
        },
        "updated": "2018-04-06T21:23:34Z",
        "category": {
          "-scheme": "http://schemas.microsoft.com/ado/2007/08/dataservices/scheme",
          "-term": "ZSPORTAL_CREATENOTICE_SRV.vendorHeader"
        },
        "link": {
          "-title": "vendorHeader",
          "-rel": "self",
          "-href": "vendorHeaderSet('460516')"
        },
        "content": {
          "-type": "application/xml",
          "m:properties": {
            "-xmlns:d": "http://schemas.microsoft.com/ado/2007/08/dataservices",
            "-xmlns:m": "http://schemas.microsoft.com/ado/2007/08/dataservices/metadata",
            "d:Lifnr": "460516",
            "d:Land1": "MX",
            "d:Name1": "DISTRIBUIDORA LIVERPOOL SA DE CV",
            "d:Stcd1": "DLI931201MI9",
            "d:Landk": "MEX"
          }
        }
      },
      {
        "id": "http://SICOSRV14.sineti.loc:8000/sap/opu/odata/sap/ZSPORTAL_CREATENOTICE_SRV/vendorHeaderSet('473740')",
        "title": {
          "-type": "text",
          "#text": "vendorHeaderSet('473740')"
        },
        "updated": "2018-04-06T21:23:34Z",
        "category": {
          "-scheme": "http://schemas.microsoft.com/ado/2007/08/dataservices/scheme",
          "-term": "ZSPORTAL_CREATENOTICE_SRV.vendorHeader"
        },
        "link": {
          "-title": "vendorHeader",
          "-rel": "self",
          "-href": "vendorHeaderSet('473740')"
        },
        "content": {
          "-type": "application/xml",
          "m:properties": {
            "-xmlns:d": "http://schemas.microsoft.com/ado/2007/08/dataservices",
            "-xmlns:m": "http://schemas.microsoft.com/ado/2007/08/dataservices/metadata",
            "d:Lifnr": "473740",
            "d:Land1": "MX",
            "d:Name1": "TIENDAS SORIANA SA DE CV",
            "d:Stcd1": "TSO991022PB6",
            "d:Landk": "MEX"
          }
        }
      },
      {
        "id": "http://SICOSRV14.sineti.loc:8000/sap/opu/odata/sap/ZSPORTAL_CREATENOTICE_SRV/vendorHeaderSet('600000')",
        "title": {
          "-type": "text",
          "#text": "vendorHeaderSet('600000')"
        },
        "updated": "2018-04-06T21:23:34Z",
        "category": {
          "-scheme": "http://schemas.microsoft.com/ado/2007/08/dataservices/scheme",
          "-term": "ZSPORTAL_CREATENOTICE_SRV.vendorHeader"
        },
        "link": {
          "-title": "vendorHeader",
          "-rel": "self",
          "-href": "vendorHeaderSet('600000')"
        },
        "content": {
          "-type": "application/xml",
          "m:properties": {
            "-xmlns:d": "http://schemas.microsoft.com/ado/2007/08/dataservices",
            "-xmlns:m": "http://schemas.microsoft.com/ado/2007/08/dataservices/metadata",
            "d:Lifnr": "600000",
            "d:Land1": "MX",
            "d:Name1": "SERVICIOS MULTIPLES, S.A. DE C.V.",
            "d:Stcd1": "SEM800723J23",
            "d:Landk": "MEX"
          }
        }
      },
      {
        "id": "http://SICOSRV14.sineti.loc:8000/sap/opu/odata/sap/ZSPORTAL_CREATENOTICE_SRV/vendorHeaderSet('700000')",
        "title": {
          "-type": "text",
          "#text": "vendorHeaderSet('700000')"
        },
        "updated": "2018-04-06T21:23:34Z",
        "category": {
          "-scheme": "http://schemas.microsoft.com/ado/2007/08/dataservices/scheme",
          "-term": "ZSPORTAL_CREATENOTICE_SRV.vendorHeader"
        },
        "link": {
          "-title": "vendorHeader",
          "-rel": "self",
          "-href": "vendorHeaderSet('700000')"
        },
        "content": {
          "-type": "application/xml",
          "m:properties": {
            "-xmlns:d": "http://schemas.microsoft.com/ado/2007/08/dataservices",
            "-xmlns:m": "http://schemas.microsoft.com/ado/2007/08/dataservices/metadata",
            "d:Lifnr": "700000",
            "d:Land1": "US",
            "d:Name1": "VENDOR TESTING",
            "d:Landk": "USA"
          }
        }
      },
      {
        "id": "http://SICOSRV14.sineti.loc:8000/sap/opu/odata/sap/ZSPORTAL_CREATENOTICE_SRV/vendorHeaderSet('A00')",
        "title": {
          "-type": "text",
          "#text": "vendorHeaderSet('A00')"
        },
        "updated": "2018-04-06T21:23:34Z",
        "category": {
          "-scheme": "http://schemas.microsoft.com/ado/2007/08/dataservices/scheme",
          "-term": "ZSPORTAL_CREATENOTICE_SRV.vendorHeader"
        },
        "link": {
          "-title": "vendorHeader",
          "-rel": "self",
          "-href": "vendorHeaderSet('A00')"
        },
        "content": {
          "-type": "application/xml",
          "m:properties": {
            "-xmlns:d": "http://schemas.microsoft.com/ado/2007/08/dataservices",
            "-xmlns:m": "http://schemas.microsoft.com/ado/2007/08/dataservices/metadata",
            "d:Lifnr": "A00",
            "d:Land1": "MX",
            "d:Name1": "INDUSTRIA QUÍMICA ADMEX",
            "d:Landk": "MEX"
          }
        }
      },
      {
        "id": "http://SICOSRV14.sineti.loc:8000/sap/opu/odata/sap/ZSPORTAL_CREATENOTICE_SRV/vendorHeaderSet('A001')",
        "title": {
          "-type": "text",
          "#text": "vendorHeaderSet('A001')"
        },
        "updated": "2018-04-06T21:23:34Z",
        "category": {
          "-scheme": "http://schemas.microsoft.com/ado/2007/08/dataservices/scheme",
          "-term": "ZSPORTAL_CREATENOTICE_SRV.vendorHeader"
        },
        "link": {
          "-title": "vendorHeader",
          "-rel": "self",
          "-href": "vendorHeaderSet('A001')"
        },
        "content": {
          "-type": "application/xml",
          "m:properties": {
            "-xmlns:d": "http://schemas.microsoft.com/ado/2007/08/dataservices",
            "-xmlns:m": "http://schemas.microsoft.com/ado/2007/08/dataservices/metadata",
            "d:Lifnr": "A001",
            "d:Land1": "MX",
            "d:Name1": "WAL MART",
            "d:Name2": "GDL",
            "d:Landk": "MEX"
          }
        }
      },
      {
        "id": "http://SICOSRV14.sineti.loc:8000/sap/opu/odata/sap/ZSPORTAL_CREATENOTICE_SRV/vendorHeaderSet('A002')",
        "title": {
          "-type": "text",
          "#text": "vendorHeaderSet('A002')"
        },
        "updated": "2018-04-06T21:23:34Z",
        "category": {
          "-scheme": "http://schemas.microsoft.com/ado/2007/08/dataservices/scheme",
          "-term": "ZSPORTAL_CREATENOTICE_SRV.vendorHeader"
        },
        "link": {
          "-title": "vendorHeader",
          "-rel": "self",
          "-href": "vendorHeaderSet('A002')"
        },
        "content": {
          "-type": "application/xml",
          "m:properties": {
            "-xmlns:d": "http://schemas.microsoft.com/ado/2007/08/dataservices",
            "-xmlns:m": "http://schemas.microsoft.com/ado/2007/08/dataservices/metadata",
            "d:Lifnr": "A002",
            "d:Land1": "MX",
            "d:Name1": "WAL MART HGO",
            "d:Landk": "MEX"
          }
        }
      },
      {
        "id": "http://SICOSRV14.sineti.loc:8000/sap/opu/odata/sap/ZSPORTAL_CREATENOTICE_SRV/vendorHeaderSet('A01')",
        "title": {
          "-type": "text",
          "#text": "vendorHeaderSet('A01')"
        },
        "updated": "2018-04-06T21:23:34Z",
        "category": {
          "-scheme": "http://schemas.microsoft.com/ado/2007/08/dataservices/scheme",
          "-term": "ZSPORTAL_CREATENOTICE_SRV.vendorHeader"
        },
        "link": {
          "-title": "vendorHeader",
          "-rel": "self",
          "-href": "vendorHeaderSet('A01')"
        },
        "content": {
          "-type": "application/xml",
          "m:properties": {
            "-xmlns:d": "http://schemas.microsoft.com/ado/2007/08/dataservices",
            "-xmlns:m": "http://schemas.microsoft.com/ado/2007/08/dataservices/metadata",
            "d:Lifnr": "A01",
            "d:Land1": "MX",
            "d:Name1": "FARMACÉUTICA DINÁMICA",
            "d:Landk": "MEX"
          }
        }
      },
      {
        "id": "http://SICOSRV14.sineti.loc:8000/sap/opu/odata/sap/ZSPORTAL_CREATENOTICE_SRV/vendorHeaderSet('A1000')",
        "title": {
          "-type": "text",
          "#text": "vendorHeaderSet('A1000')"
        },
        "updated": "2018-04-06T21:23:34Z",
        "category": {
          "-scheme": "http://schemas.microsoft.com/ado/2007/08/dataservices/scheme",
          "-term": "ZSPORTAL_CREATENOTICE_SRV.vendorHeader"
        },
        "link": {
          "-title": "vendorHeader",
          "-rel": "self",
          "-href": "vendorHeaderSet('A1000')"
        },
        "content": {
          "-type": "application/xml",
          "m:properties": {
            "-xmlns:d": "http://schemas.microsoft.com/ado/2007/08/dataservices",
            "-xmlns:m": "http://schemas.microsoft.com/ado/2007/08/dataservices/metadata",
            "d:Lifnr": "A1000",
            "d:Land1": "MX",
            "d:Name1": "CENTRO SUM",
            "d:Landk": "MEX"
          }
        }
      },
      {
        "id": "http://SICOSRV14.sineti.loc:8000/sap/opu/odata/sap/ZSPORTAL_CREATENOTICE_SRV/vendorHeaderSet('D0001')",
        "title": {
          "-type": "text",
          "#text": "vendorHeaderSet('D0001')"
        },
        "updated": "2018-04-06T21:23:34Z",
        "category": {
          "-scheme": "http://schemas.microsoft.com/ado/2007/08/dataservices/scheme",
          "-term": "ZSPORTAL_CREATENOTICE_SRV.vendorHeader"
        },
        "link": {
          "-title": "vendorHeader",
          "-rel": "self",
          "-href": "vendorHeaderSet('D0001')"
        },
        "content": {
          "-type": "application/xml",
          "m:properties": {
            "-xmlns:d": "http://schemas.microsoft.com/ado/2007/08/dataservices",
            "-xmlns:m": "http://schemas.microsoft.com/ado/2007/08/dataservices/metadata",
            "d:Lifnr": "D0001",
            "d:Land1": "MX",
            "d:Name1": "PROVEEDOR ZACATECAS",
            "d:Landk": "MEX"
          }
        }
      },
      {
        "id": "http://SICOSRV14.sineti.loc:8000/sap/opu/odata/sap/ZSPORTAL_CREATENOTICE_SRV/vendorHeaderSet('DP')",
        "title": {
          "-type": "text",
          "#text": "vendorHeaderSet('DP')"
        },
        "updated": "2018-04-06T21:23:34Z",
        "category": {
          "-scheme": "http://schemas.microsoft.com/ado/2007/08/dataservices/scheme",
          "-term": "ZSPORTAL_CREATENOTICE_SRV.vendorHeader"
        },
        "link": {
          "-title": "vendorHeader",
          "-rel": "self",
          "-href": "vendorHeaderSet('DP')"
        },
        "content": {
          "-type": "application/xml",
          "m:properties": {
            "-xmlns:d": "http://schemas.microsoft.com/ado/2007/08/dataservices",
            "-xmlns:m": "http://schemas.microsoft.com/ado/2007/08/dataservices/metadata",
            "d:Lifnr": "DP",
            "d:Land1": "MX",
            "d:Name1": "WAL MART",
            "d:Name2": "GDL",
            "d:Landk": "MEX"
          }
        }
      },
      {
        "id": "http://SICOSRV14.sineti.loc:8000/sap/opu/odata/sap/ZSPORTAL_CREATENOTICE_SRV/vendorHeaderSet('EMISOR')",
        "title": {
          "-type": "text",
          "#text": "vendorHeaderSet('EMISOR')"
        },
        "updated": "2018-04-06T21:23:34Z",
        "category": {
          "-scheme": "http://schemas.microsoft.com/ado/2007/08/dataservices/scheme",
          "-term": "ZSPORTAL_CREATENOTICE_SRV.vendorHeader"
        },
        "link": {
          "-title": "vendorHeader",
          "-rel": "self",
          "-href": "vendorHeaderSet('EMISOR')"
        },
        "content": {
          "-type": "application/xml",
          "m:properties": {
            "-xmlns:d": "http://schemas.microsoft.com/ado/2007/08/dataservices",
            "-xmlns:m": "http://schemas.microsoft.com/ado/2007/08/dataservices/metadata",
            "d:Lifnr": "EMISOR",
            "d:Land1": "MX",
            "d:Name1": "EMISOR",
            "d:Landk": "MEX"
          }
        }
      },
      {
        "id": "http://SICOSRV14.sineti.loc:8000/sap/opu/odata/sap/ZSPORTAL_CREATENOTICE_SRV/vendorHeaderSet('LGHD_IC')",
        "title": {
          "-type": "text",
          "#text": "vendorHeaderSet('LGHD_IC')"
        },
        "updated": "2018-04-06T21:23:34Z",
        "category": {
          "-scheme": "http://schemas.microsoft.com/ado/2007/08/dataservices/scheme",
          "-term": "ZSPORTAL_CREATENOTICE_SRV.vendorHeader"
        },
        "link": {
          "-title": "vendorHeader",
          "-rel": "self",
          "-href": "vendorHeaderSet('LGHD_IC')"
        },
        "content": {
          "-type": "application/xml",
          "m:properties": {
            "-xmlns:d": "http://schemas.microsoft.com/ado/2007/08/dataservices",
            "-xmlns:m": "http://schemas.microsoft.com/ado/2007/08/dataservices/metadata",
            "d:Lifnr": "LGHD_IC",
            "d:Land1": "MX",
            "d:Name1": "proveedor intercompañia",
            "d:Landk": "MEX"
          }
        }
      },
      {
        "id": "http://SICOSRV14.sineti.loc:8000/sap/opu/odata/sap/ZSPORTAL_CREATENOTICE_SRV/vendorHeaderSet('REACSA')",
        "title": {
          "-type": "text",
          "#text": "vendorHeaderSet('REACSA')"
        },
        "updated": "2018-04-06T21:23:34Z",
        "category": {
          "-scheme": "http://schemas.microsoft.com/ado/2007/08/dataservices/scheme",
          "-term": "ZSPORTAL_CREATENOTICE_SRV.vendorHeader"
        },
        "link": {
          "-title": "vendorHeader",
          "-rel": "self",
          "-href": "vendorHeaderSet('REACSA')"
        },
        "content": {
          "-type": "application/xml",
          "m:properties": {
            "-xmlns:d": "http://schemas.microsoft.com/ado/2007/08/dataservices",
            "-xmlns:m": "http://schemas.microsoft.com/ado/2007/08/dataservices/metadata",
            "d:Lifnr": "REACSA",
            "d:Land1": "MX",
            "d:Name1": "REACSA",
            "d:Landk": "MEX"
          }
        }
      },
      {
        "id": "http://SICOSRV14.sineti.loc:8000/sap/opu/odata/sap/ZSPORTAL_CREATENOTICE_SRV/vendorHeaderSet('TRANS.RG')",
        "title": {
          "-type": "text",
          "#text": "vendorHeaderSet('TRANS.RG')"
        },
        "updated": "2018-04-06T21:23:34Z",
        "category": {
          "-scheme": "http://schemas.microsoft.com/ado/2007/08/dataservices/scheme",
          "-term": "ZSPORTAL_CREATENOTICE_SRV.vendorHeader"
        },
        "link": {
          "-title": "vendorHeader",
          "-rel": "self",
          "-href": "vendorHeaderSet('TRANS.RG')"
        },
        "content": {
          "-type": "application/xml",
          "m:properties": {
            "-xmlns:d": "http://schemas.microsoft.com/ado/2007/08/dataservices",
            "-xmlns:m": "http://schemas.microsoft.com/ado/2007/08/dataservices/metadata",
            "d:Lifnr": "TRANS.RG",
            "d:Land1": "MX",
            "d:Name1": "TRANSPORTES RODRIGUEZ GONZALEZ",
            "d:Stcd1": "PET040903DH3",
            "d:Landk": "MEX"
          }
        }
      },
      {
        "id": "http://SICOSRV14.sineti.loc:8000/sap/opu/odata/sap/ZSPORTAL_CREATENOTICE_SRV/vendorHeaderSet('TRANSPORTE')",
        "title": {
          "-type": "text",
          "#text": "vendorHeaderSet('TRANSPORTE')"
        },
        "updated": "2018-04-06T21:23:34Z",
        "category": {
          "-scheme": "http://schemas.microsoft.com/ado/2007/08/dataservices/scheme",
          "-term": "ZSPORTAL_CREATENOTICE_SRV.vendorHeader"
        },
        "link": {
          "-title": "vendorHeader",
          "-rel": "self",
          "-href": "vendorHeaderSet('TRANSPORTE')"
        },
        "content": {
          "-type": "application/xml",
          "m:properties": {
            "-xmlns:d": "http://schemas.microsoft.com/ado/2007/08/dataservices",
            "-xmlns:m": "http://schemas.microsoft.com/ado/2007/08/dataservices/metadata",
            "d:Lifnr": "TRANSPORTE",
            "d:Land1": "MX",
            "d:Name1": "Transportes",
            "d:Name2": "Transportes",
            "d:Landk": "MEX"
          }
        }
      }
    ]
  }
}