{
    "sections": [
        {
            "title": "/tiles.titleOr",
            "tiles": [
                {
                    "id": "0001",
                    "title": "/tiles.titleOr.0001.myOr",
                    "subHeader": "",
                    "icon": "sap-icon://activity-2",
                    "numeric": "{metrics>/MisPedidos}",
                    "footer": "",
                    "type": "standard",
                    "binding": "masterOrders",
                    "bind2": "Pedidos",
                    "functions": [
                        {
                            "idFunction": 1
                        }
                    ]
                },
                {
                    "id": "0016",
                    "title": "/tiles.titledevo",
                    "subHeader": "",
                    "icon": "sap-icon://shipping-status",
                    "numeric": "{metrics>/Devoluciones}",
                    "footer": "",
                    "type": "standard",
                    "binding": "masterDevoluciones",
                    "bind2": "Devoluciones",
                    "functions": [
                        {
                            "idFunction": 25
                        }
                    ]
                },
                {
                    "id": "0033",
                    "title": "/tiles.dealers",
                    "subHeader": "",
                    "icon": "sap-icon://group",
                    "numeric": " ",
                    "footer": "",
                    "type": "standard",
                    "binding": "masterRepartidores",
                    "bind2": "Repartidores",
                    "functions": [
                        {
                            "idFunction": 27
                        }
                    ]
                }
            ]
        },
        {
            "title": "/tiles.titlein",
            "tiles": [
                {
                    "id": "0004",
                    "title": "/tiles.titlein.0004.sendIn",
                    "subHeader": "/tiles.titlein.0004.subHeader",
                    "icon": "sap-icon://paper-plane",
                    "numeric": "{metrics>/SendFact}",
                    "footer": "/tiles.titlein.0004.footer",
                    "type": "standard",
                    "binding": "masterCfdi",
                    "bind2": "sendfact",
                    "functions": [
                        {
                            "idFunction": 2
                        },
                        {
                            "idFunction": 3
                        },
                        {
                            "idFunction": 4
                        }
                    ]
                },
                {
                    "id": "0018",
                    "title": "/rem.title",
                    "subHeader": "",
                    "icon": "sap-icon://sap-box",
                    "numeric": "{metrics>/NotaCreditoDevol}",
                    "footer": "/tiles.titlein.0018.footer",
                    "type": "standard",
                    "binding": "masterRemission",
                    "functions": [
                        {
                            "idFunction": 5
                        },
                        {
                            "idFunction": 6
                        }
                    ]
                },
                {
                    "id": "0005",
                    "title": "/tiles.titlein.0005.invoicesReview",
                    "subHeader": "/tiles.titlein.0005.subHeader",
                    "icon": "sap-icon://undo",
                    "numeric": "{metrics>/FactRech}",
                    "footer": "",
                    "type": "standard",
                    "binding": "masterDelivReview",
                    "functions": [
                        {
                            "idFunction": 7
                        }
                    ]
                },
                {
                    "id": "0031",
                    "title": "/tiles.titleFs",
                    "subHeader": "",
                    "icon": "sap-icon://activity-2",
                    "numeric": " ",
                    "footer": "",
                    "type": "standard",
                    "binding": "masterFacSoriana",
                    "functions": [
                        {
                            "idFunction": 21
                        }
                    ]
                }
            ]
        },
        {
            "title": "/tiles.titleFi",
            "tiles": [
                {
                    "id": "0006",
                    "title": "/tiles.titleFi.0006.pay",
                    "subHeader": "",
                    "icon": "sap-icon://batch-payments",
                    "numeric": "{metrics>/PlanPagos}",
                    "footer": "",
                    "type": "standard",
                    "binding": "masterPayPlan",
                    "functions": [
                        {
                            "idFunction": 8
                        }
                    ]
                },
                {
                    "id": "0007",
                    "title": "/tiles.PayComp.title",
                    "subHeader": "",
                    "icon": "sap-icon://customer-financial-fact-sheet",
                    "numeric": "{metrics>/ComplPago}",
                    "footer": "",
                    "type": "standard",
                    "binding": "masterCompl",
                    "bind2": "sendcompl",
                    "functions": [
                        {
                            "idFunction": 9
                        },
                        {
                            "idFunction": 10
                        }
                    ]
                },
                {
                    "id": "0008",
                    "title": "/tiles.titleFi.0008.state",
                    "subHeader": "",
                    "icon": "sap-icon://collections-management",
                    "numeric": " ",
                    "footer": "",
                    "type": "standard",
                    "binding": "EstadoCuenta",
                    "functions": [
                        {
                            "idFunction": 11
                        }
                    ]
                }
            ]
        },
        {
            "title": "/tiles.titleMa",
            "tiles": [
                {
                    "id": "0022",
                    "title": "/tiles.titleMa.0022.admusr",
                    "subHeader": "",
                    "icon": "sap-icon://group",
                    "numeric": " ",
                    "footer": "",
                    "type": "standard",
                    "binding": "masterUsers",
                    "functions": [
                        {
                            "idFunction": 12,
                            "roles": [
                                "0001",
                                "0002",
                                "0005"
                            ]
                        },
                        {
                            "idFunction": 13,
                            "roles": [
                                "0001",
                                "0002",
                                "0005"
                            ]
                        },
                        {
                            "idFunction": 14,
                            "roles": [
                                "0001",
                                "0002",
                                "0005"
                            ]
                        },
                        {
                            "idFunction": 15,
                            "roles": [
                                "0001",
                                "0002",
                                "0005"
                            ]
                        }
                    ]
                }
            ]
        },
        {
            "title": "/tiles.titleCm",
            "tiles": [
                {
                    "id": "0016",
                    "title": "/tiles.titleCm.release",
                    "subHeader": "",
                    "icon": "sap-icon://email",
                    "numeric": " ",
                    "footer": "",
                    "type": "standard",
                    "binding": "masterRelease",
                    "functions": [
                        {
                            "idFunction": 16,
                            "roles": [
                                "0001",
                                "0002"
                            ]
                        },
                        {
                            "idFunction": 17,
                            "roles": [
                                "0001",
                                "0002"
                            ]
                        }
                    ]
                },
                {
                    "id": "0015",
                    "title": "/tiles.helpDocs",
                    "subHeader": "",
                    "icon": "sap-icon://learning-assistant",
                    "numeric": " ",
                    "footer": "",
                    "type": "standard",
                    "binding": "masterHelpDocs",
                    "functions": [
                        {
                            "idFunction": 22
                        },
                        {
                            "idFunction": 23
                        }
                    ]
                }
            ]
        },
        {
            "title": "/tiles.titleCl",
            "tiles": [
                {
                    "id": "0030",
                    "title": "/tiles.titleClSupplier",
                    "subHeader": "",
                    "icon": "sap-icon://activity-2",
                    "numeric": " ",
                    "footer": "",
                    "type": "standard",
                    "binding": "Aclaraciones",
                    "functions": [
                        {
                            "idFunction": 18
                        },
                        {
                            "idFunction": 19                            
                        },
                        {
                            "idFunction": 20
                        }
                    ]
                },
                {
                    "id": "0032",
                    "title": "/tiles.dashboard",
                    "subHeader": "",
                    "icon": "sap-icon://bbyd-dashboard",
                    "numeric": " ",
                    "footer": "",
                    "type": "standard",
                    "binding": "Dashboard",
                    "functions": [
                        {
                            "idFunction": 26,
                            "roles": [
                                "0001",
                                "0004",
                                "0005"
                            ]
                        }
                    ]
                },
                {
                    "id": "0035", 
                    "title": "/incidencias.title",
                    "subHeader": "",
                    "icon": "sap-icon://bbyd-dashboard",
                    "numeric": " ",
                    "footer": "",
                    "type": "standard",
                    "binding": "masterIncidencias",
                    "functions": [
                        {
                            "idFunction": 28
                        }
                    ]
                },
                {
                    "id": "0034",
                    "title": "/aportaciones.title",
                    "subHeader": "",
                    "icon": "sap-icon://bbyd-dashboard",
                    "numeric": " ",
                    "footer": "",
                    "type": "standard",
                    "binding": "masterAportaciones",
                    "functions": [
                        {
                            "idFunction": 28
                        }
                    ]
                }
            ]
        },
        {
            "title": "/tiles.titlePC",
            "tiles": [
                {
                    "id": "0040",
                    "title": "/tiles.titleFoliosP",
                    "subHeader": "",
                    "icon": "sap-icon://product",
                    "numeric": " ",
                    "footer": "",
                    "type": "standard",
                    "binding": "Products",
                    "functions": [
                        {
                            "idFunction": 22
                        }
                    ]
                }
            ]
        }
    ]
}