<core:FragmentDefinition
	xmlns="sap.m"
    xmlns:f="sap.ui.layout.form"
	xmlns:core="sap.ui.core">
    <Dialog title="Agotamiento - Posición {/Ebelp}" horizontalScrolling="true">
	<VBox class="sapUiSmallMargin">
		<f:SimpleForm id="SimpleFormDisplay354"
			editable="false"
			layout="ResponsiveGridLayout"
			labelSpanXL="3"
			labelSpanL="3"
			labelSpanM="3"
			labelSpanS="12"
			adjustLabelSpan="false"
			emptySpanXL="4"
			emptySpanL="4"
			emptySpanM="4"
			emptySpanS="0"
			columnsXL="1"
			columnsL="1"
			columnsM="1"
			singleContainerFullSize="false" >
			<f:content>
				<Label text="Cantidad" />
				<ObjectNumber xmlns:mvc="sap.ui.core.mvc" xmlns:unified="sap.ui.unified" xmlns:core="sap.ui.core" xmlns:layout="sap.ui.commons.layout"
                                                xmlns="sap.m"
                                                number="{parts: [{path: '/Menge'}, {path: '/Meins'}], type:'sap.ui.model.type.Currency', formatOptions: {showMeasure:false}}"
                                                unit="{/Meins}" emphasized="false" state="None"/>
				<Label text="Cantidad entregada" />
				<ObjectNumber xmlns:mvc="sap.ui.core.mvc" xmlns:unified="sap.ui.unified" xmlns:core="sap.ui.core" xmlns:layout="sap.ui.commons.layout"
                                                xmlns="sap.m"
                                                number="{parts: [{path: '/Centregada'}, {path: '/Meins'}], type:'sap.ui.model.type.Currency', formatOptions: {showMeasure:false}}"
                                                unit="{/Meins}" emphasized="false" state="None"/>
				<Label text="Cantidad pendiente" />
				<ObjectNumber xmlns:mvc="sap.ui.core.mvc" xmlns:unified="sap.ui.unified" xmlns:core="sap.ui.core" xmlns:layout="sap.ui.commons.layout"
                                                xmlns="sap.m"
                                                number="{parts: [{path: '/Cresta'}, {path: '/Meins'}], type:'sap.ui.model.type.Currency', formatOptions: {showMeasure:false}}"
                                                unit="{/Meins}" emphasized="false" state="None"/>
			</f:content>
		</f:SimpleForm>
	</VBox>
    <buttons>
			<Button text="Cerrar" press="onCloseDialog"/>
		</buttons>
    </Dialog>
</core:FragmentDefinition>