<core:FragmentDefinition xmlns="sap.m" xmlns:f="sap.ui.layout.form" xmlns:core="sap.ui.core" width="100%">
    <Dialog title="Extender usuario">
        <f:SimpleForm editable="false" layout="ColumnLayout" title="Selecciona el proveedor" columnsM="2" columnsL="3"
            columnsXL="4">
            <f:content>
                <Input id="supplierInputExtend" placeholder="Proveedor" showSuggestion="true" valueHelpOnly="true" showValueHelp="true"
                    valueHelpRequest=".onValueHelpRequest" value="{configSite>/supplierInput}">

                </Input>
            </f:content>
        </f:SimpleForm>
        <!--f:SimpleForm editable="false" layout="ColumnLayout" title="Asigna las funciones" columnsM="2" columnsL="3"
            columnsXL="4">
            <f:content>
                <core:Title text="Pedidos" />
                <Label />
                <CheckBox id="fe-1" text="Consultar pedidos" />

                <core:Title text="Enviar factura" />
                <Label />
                <CheckBox id="fe-2" text="Consultar documentos" />
                <Label />
                <CheckBox id="fe-3" text="Cargar factura con adenda" />
                <Label />
                <CheckBox id="fe-4" text="Cargar factura sin adenda" />

                <core:Title text="Nota de credito" />
                <Label />
                <CheckBox id="fe-5" text="Consultar notas de credito" />
                <Label />
                <CheckBox id="fe-6" text="Cargar factura nota de credito" />

                <core:Title text="Facturas en revisión" />
                <Label />
                <CheckBox id="fe-7" text="Consultar facturas" />

                <core:Title text="Pagos calendarizados" />
                <Label />
                <CheckBox id="fe-8" text="Consultar pagos" />

                <core:Title text="Complemento de pago" />
                <Label />
                <CheckBox id="fe-9" text="Consultar pagos" />
                <Label />
                <CheckBox id="fe-10" text="Enviar CFDI" />

                <core:Title text="Estado de cuenta" />
                <Label />
                <CheckBox id="fe-11" text="Consultar" />

                <core:Title text="Administración de usuarios" />
                <Label />
                <CheckBox id="fe-12" text="Consultar"
                    visible="{/userdetailHadmin}" />
                <Label />
                <CheckBox id="fe-13" text="Crear"
                    visible="{/userdetailHadmin}" />
                <Label />
                <CheckBox id="fe-14" text="Editar"
                    visible="{/userdetailHadmin}" />
                <Label />
                <CheckBox id="fes-15" text="Borrar"
                    visible="{/userdetailHadmin}" />
            </f:content>
        </f:SimpleForm-->
        <FlexBox 
            direction="Column"
            alignItems="Start"
            alignContent="Stretch" 
            items="{tilesModelLocal>/sections}">
            <items>
                <FlexBox 
                alignItems="Stretch" 
                alignContent="Stretch" 
                direction="Row" 
                renderType="Bare" 
                wrap="NoWrap" 
                width="100%" 
                displayInline="false" 
                fitContainer="true" 
                items="{path: 'tilesModelLocal>tiles', templateShareable:false}"
                class="sapUiMediumMargin">
                    <items>
                        <VBox width="25%">
                            <Title text="{path: 'tilesModelLocal>title', formatter: '.formatTranslate'}" />
                            <FlexBox
                            direction="Column" 
                            alignItems="Start"
                            items="{path: 'tilesModelLocal>functions', templateShareable:false}">
                                <items>
                                    <CheckBox width="100%" 
                                    text="{path: 'tilesModelLocal>idFunction', formatter: '.findFunName'}" 
                                    select=".functionSelectedExtended"
                                    visible="{path: 'tilesModelLocal>roles', formatter: '.adminFields'}" />
                                </items>
                            </FlexBox>
                        </VBox>                            
                    </items>
                </FlexBox>
            </items>
        </FlexBox>
        <buttons>
            <Button text="{appTxts>/nuser.cancel}" press="extendDialogClose" />
            <Button type="Accept" text="{appTxts>/parameters.save}" press="extendUserSave" />
        </buttons>
    </Dialog>
</core:FragmentDefinition>